Date,HomeTeam,AwayTeam,FTHG,FTAG,FTR,HS,AS,HST,AST,HF,AF,HC,AC,HY,AY,HR,AR,Season,HomePreviousCumulativePoints,HomeMatchesPlayedBefore,HomePrevious5Points,HomePrevious5GoalsFor,HomePrevious5GoalsAgainst,AwayPreviousCumulativePoints,AwayMatchesPlayedBefore,AwayPrevious5Points,AwayPrevious5GoalsFor,AwayPrevious5GoalsAgainst,HomePromotedTeam,AwayPromotedTeam,HomePreviousPointsPerMatch,HomePreviousGoalDifference,AwayPreviousPointsPerMatch,AwayPreviousGoalDifference,PreviousPPMDifference,PreviousGDDifference,Previous5PointsDifference,Previous5GoalsForDifference,Previous5GoalsAgainstDifference,ModelPreviousPPMDifference,ModelPreviousGDDifference,MatchesPlayedDifference
2025-08-15,Liverpool,Bournemouth,4,2,H,19,10,10,3,7,10,6,7,1,2,0,0,2025/26,0.0,0,0.0,0.0,0.0,0.0,0,0.0,0.0,0.0,0,0,2.210526315789474,45.0,1.4736842105263157,12.0,0.7368421052631582,33.0,0.0,0.0,0.0,0.7368421052631582,33.0,0
2025-08-16,Aston Villa,Newcastle,0,0,D,3,16,3,3,13,11,3,6,1,1,1,0,2025/26,0.0,0,0.0,0.0,0.0,0.0,0,0.0,0.0,0.0,0,0,1.736842105263158,7.0,1.736842105263158,21.0,0.0,-14.0,0.0,0.0,0.0,0.0,-14.0,0
2025-08-16,Brighton,Fulham,1,1,D,10,7,4,2,16,15,4,3,3,3,0,0,2025/26,0.0,0,0.0,0.0,0.0,0.0,0,0.0,0.0,0.0,0,0,1.605263157894737,7.0,1.4210526315789473,0.0,0.1842105263157896,7.0,0.0,0.0,0.0,0.1842105263157896,7.0,0
2025-08-16,Sunderland,West Ham,3,0,H,10,12,5,4,8,10,5,7,0,1,0,0,2025/26,0.0,0,0.0,0.0,0.0,0.0,0,0.0,0.0,0.0,1,0,,,1.131578947368421,-16.0,,,0.0,0.0,0.0,0.0,0.0,0
2025-08-16,Tottenham,Burnley,3,0,H,16,14,6,4,14,8,6,5,0,0,0,0,2025/26,0.0,0,0.0,0.0,0.0,0.0,0,0.0,0.0,0.0,0,1,1.0,-1.0,,,,,0.0,0.0,0.0,0.0,0.0,0
2025-08-16,Wolves,Man City,0,4,A,9,15,3,4,13,7,4,6,1,2,0,0,2025/26,0.0,0,0.0,0.0,0.0,0.0,0,0.0,0.0,0.0,0,0,1.105263157894737,-15.0,1.868421052631579,28.0,-0.763157894736842,-43.0,0.0,0.0,0.0,-0.763157894736842,-43.0,0
2025-08-17,Chelsea,Crystal Palace,0,0,D,19,12,3,4,10,12,11,2,2,3,0,0,2025/26,0.0,0,0.0,0.0,0.0,0.0,0,0.0,0.0,0.0,0,0,1.8157894736842106,21.0,1.394736842105263,0.0,0.42105263157894757,21.0,0.0,0.0,0.0,0.42105263157894757,21.0,0
2025-08-17,Man United,Arsenal,0,1,A,22,9,7,3,10,19,3,4,1,4,0,0,2025/26,0.0,0,0.0,0.0,0.0,0.0,0,0.0,0.0,0.0,0,0,1.105263157894737,-10.0,1.9473684210526316,35.0,-0.8421052631578947,-45.0,0.0,0.0,0.0,-0.8421052631578947,-45.0,0
2025-08-17,Nott'm Forest,Brentford,3,1,H,11,10,5,3,7,15,5,5,1,2,0,0,2025/26,0.0,0,0.0,0.0,0.0,0.0,0,0.0,0.0,0.0,0,0,1.7105263157894737,12.0,1.4736842105263157,9.0,0.23684210526315796,3.0,0.0,0.0,0.0,0.23684210526315796,3.0,0
2025-08-18,Leeds,Everton,1,0,H,21,7,3,1,6,8,7,2,0,2,0,0,2025/26,0.0,0,0.0,0.0,0.0,0.0,0,0.0,0.0,0.0,1,0,,,1.263157894736842,-2.0,,,0.0,0.0,0.0,0.0,0.0,0
2025-08-22,West Ham,Chelsea,1,5,A,12,12,4,7,7,10,7,5,0,1,0,0,2025/26,0.0,1,0.0,0.0,3.0,1.0,1,1.0,0.0,0.0,0,0,1.131578947368421,-16.0,1.8157894736842106,21.0,-0.6842105263157896,-37.0,-1.0,0.0,3.0,-0.6842105263157896,-37.0,0
2025-08-23,Arsenal,Leeds,5,0,H,18,3,5,1,8,11,2,2,0,2,0,0,2025/26,3.0,1,3.0,1.0,0.0,3.0,1,3.0,1.0,0.0,0,1,1.9473684210526316,35.0,,,,,0.0,0.0,0.0,0.0,0.0,0
2025-08-23,Bournemouth,Wolves,1,0,H,14,6,4,1,13,16,8,3,2,4,0,1,2025/26,0.0,1,0.0,2.0,4.0,0.0,1,0.0,0.0,4.0,0,0,1.4736842105263157,12.0,1.105263157894737,-15.0,0.36842105263157876,27.0,0.0,2.0,0.0,0.36842105263157876,27.0,0
2025-08-23,Brentford,Aston Villa,1,0,H,9,17,2,2,11,9,2,9,1,2,0,0,2025/26,0.0,1,0.0,1.0,3.0,1.0,1,1.0,0.0,0.0,0,0,1.4736842105263157,9.0,1.736842105263158,7.0,-0.26315789473684226,2.0,-1.0,1.0,3.0,-0.26315789473684226,2.0,0
2025-08-23,Burnley,Sunderland,2,0,H,7,9,2,1,9,5,4,3,0,1,0,0,2025/26,0.0,1,0.0,0.0,3.0,3.0,1,3.0,3.0,0.0,1,1,,,,,,,-3.0,-3.0,3.0,0.0,0.0,0
2025-08-23,Man City,Tottenham,0,2,A,10,12,4,5,7,12,7,2,1,4,0,0,2025/26,3.0,1,3.0,4.0,0.0,3.0,1,3.0,3.0,0.0,0,0,1.868421052631579,28.0,1.0,-1.0,0.868421052631579,29.0,0.0,1.0,0.0,0.868421052631579,29.0,0
2025-08-24,Crystal Palace,Nott'm Forest,1,1,D,8,9,4,1,11,11,1,3,3,3,0,0,2025/26,1.0,1,1.0,0.0,0.0,3.0,1,3.0,3.0,1.0,0,0,1.394736842105263,0.0,1.7105263157894737,12.0,-0.3157894736842106,-12.0,-2.0,-3.0,-1.0,-0.3157894736842106,-12.0,0
2025-08-24,Everton,Brighton,2,0,H,11,13,3,4,7,15,2,2,4,3,0,0,2025/26,0.0,1,0.0,0.0,1.0,1.0,1,1.0,1.0,1.0,0,0,1.263157894736842,-2.0,1.605263157894737,7.0,-0.3421052631578949,-9.0,-1.0,-1.0,0.0,-0.3421052631578949,-9.0,0
2025-08-24,Fulham,Man United,1,1,D,13,10,4,3,12,10,9,6,1,1,0,0,2025/26,1.0,1,1.0,1.0,1.0,0.0,1,0.0,0.0,1.0,0,0,1.4210526315789473,0.0,1.105263157894737,-10.0,0.3157894736842104,10.0,1.0,1.0,0.0,0.3157894736842104,10.0,0
2025-08-25,Newcastle,Liverpool,2,3,A,10,5,3,4,17,15,7,1,2,3,1,0,2025/26,1.0,1,1.0,0.0,0.0,3.0,1,3.0,4.0,2.0,0,0,1.736842105263158,21.0,2.210526315789474,45.0,-0.47368421052631593,-24.0,-2.0,-4.0,-2.0,-0.47368421052631593,-24.0,0
2025-08-30,Chelsea,Fulham,2,0,H,13,11,6,3,11,17,6,4,2,2,0,0,2025/26,4.0,2,4.0,5.0,1.0,2.0,2,2.0,2.0,2.0,0,0,1.8157894736842106,21.0,1.4210526315789473,0.0,0.3947368421052633,21.0,2.0,3.0,-1.0,0.3947368421052633,21.0,0
2025-08-30,Leeds,Newcastle,0,0,D,10,8,1,2,10,15,5,5,1,1,0,0,2025/26,3.0,2,3.0,1.0,5.0,1.0,2,1.0,2.0,3.0,1,0,,,1.736842105263158,21.0,,,2.0,-1.0,2.0,0.0,0.0,0
2025-08-30,Man United,Burnley,3,2,H,26,6,6,3,9,9,7,1,1,5,0,0,2025/26,1.0,2,1.0,1.0,2.0,3.0,2,3.0,2.0,3.0,0,1,1.105263157894737,-10.0,,,,,-2.0,-1.0,-1.0,0.0,0.0,0
2025-08-30,Sunderland,Brentford,2,1,H,12,7,3,4,11,12,3,4,3,2,0,0,2025/26,3.0,2,3.0,3.0,2.0,3.0,2,3.0,2.0,3.0,1,0,,,1.4736842105263157,9.0,,,0.0,1.0,-1.0,0.0,0.0,0
2025-08-30,Tottenham,Bournemouth,0,1,A,5,20,1,6,17,13,0,8,2,4,0,0,2025/26,6.0,2,6.0,5.0,0.0,3.0,2,3.0,3.0,4.0,0,0,1.0,-1.0,1.4736842105263157,12.0,-0.4736842105263157,-13.0,3.0,2.0,-4.0,-0.4736842105263157,-13.0,0
2025-08-30,Wolves,Everton,2,3,A,12,10,4,4,15,10,2,2,0,1,0,0,2025/26,0.0,2,0.0,0.0,5.0,3.0,2,3.0,2.0,1.0,0,0,1.105263157894737,-15.0,1.263157894736842,-2.0,-0.1578947368421051,-13.0,-3.0,-2.0,4.0,-0.1578947368421051,-13.0,0
2025-08-31,Aston Villa,Crystal Palace,0,3,A,13,6,4,4,7,14,10,1,2,3,0,0,2025/26,1.0,2,1.0,0.0,1.0,2.0,2,2.0,1.0,1.0,0,0,1.736842105263158,7.0,1.394736842105263,0.0,0.3421052631578949,7.0,-1.0,-1.0,0.0,0.3421052631578949,7.0,0
2025-08-31,Brighton,Man City,2,1,H,12,12,7,3,16,14,3,2,2,2,0,0,2025/26,1.0,2,1.0,1.0,3.0,3.0,2,3.0,4.0,2.0,0,0,1.605263157894737,7.0,1.868421052631579,28.0,-0.26315789473684204,-21.0,-2.0,-3.0,1.0,-0.26315789473684204,-21.0,0
2025-08-31,Liverpool,Arsenal,1,0,H,9,11,3,1,7,10,3,8,2,2,0,0,2025/26,6.0,2,6.0,7.0,4.0,6.0,2,6.0,6.0,0.0,0,0,2.210526315789474,45.0,1.9473684210526316,35.0,0.26315789473684226,10.0,0.0,1.0,4.0,0.26315789473684226,10.0,0
2025-08-31,Nott'm Forest,West Ham,0,3,A,11,12,3,8,14,6,9,7,0,0,0,0,2025/26,4.0,2,4.0,4.0,2.0,0.0,2,0.0,1.0,8.0,0,0,1.7105263157894737,12.0,1.131578947368421,-16.0,0.5789473684210527,28.0,4.0,3.0,-6.0,0.5789473684210527,28.0,0
2025-09-13,Arsenal,Nott'm Forest,3,0,H,16,5,5,1,8,11,8,4,1,1,0,0,2025/26,6.0,3,6.0,6.0,1.0,4.0,3,4.0,4.0,5.0,0,0,1.9473684210526316,35.0,1.7105263157894737,12.0,0.23684210526315796,23.0,2.0,2.0,-4.0,0.23684210526315796,23.0,0
2025-09-13,Bournemouth,Brighton,2,1,H,13,6,5,2,16,10,4,4,4,4,0,0,2025/26,6.0,3,6.0,4.0,4.0,4.0,3,4.0,3.0,4.0,0,0,1.4736842105263157,12.0,1.605263157894737,7.0,-0.13157894736842124,5.0,2.0,1.0,0.0,-0.13157894736842124,5.0,0
2025-09-13,Brentford,Chelsea,2,2,D,7,16,4,6,13,9,5,6,3,2,0,0,2025/26,3.0,3,3.0,3.0,5.0,7.0,3,7.0,7.0,1.0,0,0,1.4736842105263157,9.0,1.8157894736842106,21.0,-0.3421052631578949,-12.0,-4.0,-4.0,4.0,-0.3421052631578949,-12.0,0
2025-09-13,Crystal Palace,Sunderland,0,0,D,14,6,6,0,10,8,5,3,1,1,0,0,2025/26,5.0,3,5.0,4.0,1.0,6.0,3,6.0,5.0,3.0,0,1,1.394736842105263,0.0,,,,,-1.0,-1.0,-2.0,0.0,0.0,0
2025-09-13,Everton,Aston Villa,0,0,D,20,7,2,1,17,15,10,3,3,3,0,0,2025/26,6.0,3,6.0,5.0,3.0,1.0,3,1.0,0.0,4.0,0,0,1.263157894736842,-2.0,1.736842105263158,7.0,-0.47368421052631593,-9.0,5.0,5.0,-1.0,-0.47368421052631593,-9.0,0
2025-09-13,Fulham,Leeds,1,0,H,5,10,3,3,20,15,3,3,1,2,0,0,2025/26,2.0,3,2.0,2.0,4.0,4.0,3,4.0,1.0,5.0,0,1,1.4210526315789473,0.0,,,,,-2.0,1.0,-1.0,0.0,0.0,0
2025-09-13,Newcastle,Wolves,1,0,H,16,8,4,3,10,17,10,4,1,4,0,0,2025/26,2.0,3,2.0,2.0,3.0,0.0,3,0.0,2.0,8.0,0,0,1.736842105263158,21.0,1.105263157894737,-15.0,0.631578947368421,36.0,2.0,0.0,-5.0,0.631578947368421,36.0,0
2025-09-13,West Ham,Tottenham,0,3,A,7,14,4,5,8,7,2,13,0,1,1,0,2025/26,3.0,3,3.0,4.0,8.0,6.0,3,6.0,5.0,1.0,0,0,1.131578947368421,-16.0,1.0,-1.0,0.13157894736842102,-15.0,-3.0,-1.0,7.0,0.13157894736842102,-15.0,0
2025-09-14,Burnley,Liverpool,0,1,A,3,27,0,4,9,9,1,13,0,2,0,0,2025/26,3.0,3,3.0,4.0,6.0,9.0,3,9.0,8.0,4.0,1,0,,,2.210526315789474,45.0,,,-6.0,-4.0,2.0,0.0,0.0,0
2025-09-14,Man City,Man United,3,0,H,13,12,6,2,8,8,2,4,0,0,0,0,2025/26,3.0,3,3.0,5.0,4.0,4.0,3,4.0,4.0,4.0,0,0,1.868421052631579,28.0,1.105263157894737,-10.0,0.763157894736842,38.0,-1.0,1.0,0.0,0.763157894736842,38.0,0
2025-09-20,Brighton,Tottenham,2,2,D,12,11,4,3,10,13,2,10,1,2,0,0,2025/26,4.0,4,4.0,4.0,6.0,9.0,4,9.0,8.0,1.0,0,0,1.605263157894737,7.0,1.0,-1.0,0.605263157894737,8.0,-5.0,-4.0,5.0,0.605263157894737,8.0,0
2025-09-20,Burnley,Nott'm Forest,1,1,D,12,17,5,8,12,11,4,5,1,1,0,0,2025/26,3.0,4,3.0,4.0,7.0,4.0,4,4.0,4.0,8.0,1,0,,,1.7105263157894737,12.0,,,-1.0,0.0,-1.0,0.0,0.0,0
2025-09-20,Fulham,Brentford,3,1,H,14,8,3,3,11,13,2,10,4,1,0,0,2025/26,5.0,4,5.0,3.0,4.0,4.0,4,4.0,5.0,7.0,0,0,1.4210526315789473,0.0,1.4736842105263157,9.0,-0.05263157894736836,-9.0,1.0,-2.0,-3.0,-0.05263157894736836,-9.0,0
2025-09-20,Liverpool,Everton,2,1,H,11,9,3,2,11,10,5,4,2,3,0,0,2025/26,12.0,4,12.0,9.0,4.0,7.0,4,7.0,5.0,3.0,0,0,2.210526315789474,45.0,1.263157894736842,-2.0,0.9473684210526319,47.0,5.0,4.0,1.0,0.9473684210526319,47.0,0
2025-09-20,Man United,Chelsea,2,1,H,11,5,4,1,13,14,5,5,0,5,1,1,2025/26,4.0,4,4.0,4.0,7.0,8.0,4,8.0,9.0,3.0,0,0,1.105263157894737,-10.0,1.8157894736842106,21.0,-0.7105263157894737,-31.0,-4.0,-5.0,4.0,-0.7105263157894737,-31.0,0
2025-09-20,West Ham,Crystal Palace,1,2,A,8,18,3,3,15,5,8,8,3,3,0,0,2025/26,3.0,4,3.0,4.0,11.0,6.0,4,6.0,4.0,1.0,0,0,1.131578947368421,-16.0,1.394736842105263,0.0,-0.26315789473684204,-16.0,-3.0,0.0,10.0,-0.26315789473684204,-16.0,0
2025-09-20,Wolves,Leeds,1,3,A,16,6,6,4,11,9,4,0,1,1,0,0,2025/26,0.0,4,0.0,2.0,9.0,4.0,4,4.0,1.0,6.0,0,1,1.105263157894737,-15.0,,,,,-4.0,1.0,3.0,0.0,0.0,0
2025-09-21,Arsenal,Man City,1,1,D,12,5,3,3,11,10,11,2,1,2,0,0,2025/26,9.0,4,9.0,9.0,1.0,6.0,4,6.0,8.0,4.0,0,0,1.9473684210526316,35.0,1.868421052631579,28.0,0.07894736842105265,7.0,3.0,1.0,-3.0,0.07894736842105265,7.0,0
2025-09-21,Bournemouth,Newcastle,0,0,D,11,4,2,1,7,10,5,2,2,1,0,0,2025/26,9.0,4,9.0,6.0,5.0,5.0,4,5.0,3.0,3.0,0,0,1.4736842105263157,12.0,1.736842105263158,21.0,-0.26315789473684226,-9.0,4.0,3.0,2.0,-0.26315789473684226,-9.0,0
2025-09-21,Sunderland,Aston Villa,1,1,D,14,12,4,2,14,8,6,5,2,1,1,0,2025/26,7.0,4,7.0,5.0,3.0,2.0,4,2.0,0.0,4.0,1,0,,,1.736842105263158,7.0,,,5.0,5.0,-1.0,0.0,0.0,0
2025-09-27,Brentford,Man United,3,1,H,10,14,8,6,14,10,4,2,2,2,0,0,2025/26,4.0,5,4.0,6.0,10.0,7.0,5,7.0,6.0,8.0,0,0,1.4736842105263157,9.0,1.105263157894737,-10.0,0.36842105263157876,19.0,-3.0,0.0,2.0,0.36842105263157876,19.0,0
2025-09-27,Chelsea,Brighton,1,3,A,13,12,3,3,9,16,5,7,3,5,1,0,2025/26,8.0,5,8.0,10.0,5.0,5.0,5,5.0,6.0,8.0,0,0,1.8157894736842106,21.0,1.605263157894737,7.0,0.21052631578947367,14.0,3.0,4.0,-3.0,0.21052631578947367,14.0,0
2025-09-27,Crystal Palace,Liverpool,2,1,H,16,20,7,4,10,8,2,6,1,3,0,0,2025/26,9.0,5,9.0,6.0,2.0,15.0,5,15.0,11.0,5.0,0,0,1.394736842105263,0.0,2.210526315789474,45.0,-0.8157894736842108,-45.0,-6.0,-5.0,-3.0,-0.8157894736842108,-45.0,0
2025-09-27,Leeds,Bournemouth,2,2,D,19,12,8,5,12,13,7,4,2,2,0,0,2025/26,7.0,5,7.0,4.0,7.0,10.0,5,10.0,6.0,5.0,1,0,,,1.4736842105263157,12.0,,,-3.0,-2.0,2.0,0.0,0.0,0
2025-09-27,Man City,Burnley,5,1,H,21,9,8,2,5,7,10,2,1,3,0,0,2025/26,7.0,5,7.0,9.0,5.0,4.0,5,4.0,5.0,8.0,0,1,1.868421052631579,28.0,,,,,3.0,4.0,-3.0,0.0,0.0,0
2025-09-27,Nott'm Forest,Sunderland,0,1,A,22,11,6,3,11,6,7,4,4,2,0,0,2025/26,5.0,5,5.0,5.0,9.0,8.0,5,8.0,6.0,4.0,0,1,1.7105263157894737,12.0,,,,,-3.0,-1.0,5.0,0.0,0.0,0
2025-09-27,Tottenham,Wolves,1,1,D,10,9,3,3,9,11,10,9,3,2,0,0,2025/26,10.0,5,10.0,10.0,3.0,0.0,5,0.0,3.0,12.0,0,0,1.0,-1.0,1.105263157894737,-15.0,-0.10526315789473695,14.0,10.0,7.0,-9.0,-0.10526315789473695,14.0,0
2025-09-28,Aston Villa,Fulham,3,1,H,9,11,4,4,10,13,2,8,1,4,0,0,2025/26,3.0,5,3.0,1.0,5.0,8.0,5,8.0,6.0,5.0,0,0,1.736842105263158,7.0,1.4210526315789473,0.0,0.3157894736842106,7.0,-5.0,-5.0,0.0,0.3157894736842106,7.0,0
2025-09-28,Newcastle,Arsenal,1,2,A,8,20,3,7,8,9,7,12,2,1,0,0,2025/26,6.0,5,6.0,3.0,3.0,10.0,5,10.0,10.0,2.0,0,0,1.736842105263158,21.0,1.9473684210526316,35.0,-0.21052631578947367,-14.0,-4.0,-7.0,1.0,-0.21052631578947367,-14.0,0
2025-09-29,Everton,West Ham,1,1,D,12,14,6,3,7,16,3,5,3,4,0,0,2025/26,7.0,5,7.0,6.0,5.0,3.0,5,3.0,5.0,13.0,0,0,1.263157894736842,-2.0,1.131578947368421,-16.0,0.13157894736842102,14.0,4.0,1.0,-8.0,0.13157894736842102,14.0,0
2025-10-03,Bournemouth,Fulham,3,1,H,11,12,6,4,8,10,4,3,0,1,0,0,2025/26,11.0,6,11.0,6.0,3.0,8.0,6,7.0,6.0,7.0,0,0,1.4736842105263157,12.0,1.4210526315789473,0.0,0.05263157894736836,12.0,4.0,0.0,-4.0,0.05263157894736836,12.0,0
2025-10-04,Arsenal,West Ham,2,0,H,21,4,5,0,14,14,8,3,0,2,0,0,2025/26,13.0,6,10.0,11.0,3.0,4.0,6,4.0,6.0,11.0,0,0,1.9473684210526316,35.0,1.131578947368421,-16.0,0.8157894736842106,51.0,6.0,5.0,-8.0,0.8157894736842106,51.0,0
2025-10-04,Chelsea,Liverpool,2,1,H,12,12,6,2,9,8,7,2,0,2,0,0,2025/26,8.0,6,7.0,11.0,8.0,15.0,6,12.0,8.0,5.0,0,0,1.8157894736842106,21.0,2.210526315789474,45.0,-0.3947368421052633,-24.0,-5.0,3.0,3.0,-0.3947368421052633,-24.0,0
2025-10-04,Leeds,Tottenham,1,2,A,16,9,4,3,10,12,4,1,2,3,0,0,2025/26,8.0,6,5.0,5.0,9.0,11.0,6,8.0,8.0,4.0,1,0,,,1.0,-1.0,,,-3.0,-3.0,5.0,0.0,0.0,0
2025-10-04,Man United,Sunderland,2,0,H,15,8,6,3,10,12,2,3,1,4,0,0,2025/26,7.0,6,7.0,7.0,10.0,11.0,6,8.0,4.0,4.0,0,1,1.105263157894737,-10.0,,,,,-1.0,3.0,6.0,0.0,0.0,0
2025-10-05,Aston Villa,Burnley,2,1,H,15,5,7,2,9,15,6,4,3,1,0,0,2025/26,6.0,6,5.0,4.0,6.0,4.0,6,4.0,6.0,10.0,0,1,1.736842105263158,7.0,,,,,1.0,-2.0,-4.0,0.0,0.0,0
2025-10-05,Brentford,Man City,0,1,A,6,10,1,4,10,6,3,2,3,2,0,0,2025/26,7.0,6,7.0,8.0,8.0,10.0,6,7.0,10.0,6.0,0,0,1.4736842105263157,9.0,1.868421052631579,28.0,-0.3947368421052633,-19.0,0.0,-2.0,2.0,-0.3947368421052633,-19.0,0
2025-10-05,Everton,Crystal Palace,2,1,H,14,15,7,8,13,16,2,4,2,3,0,0,2025/26,8.0,6,8.0,7.0,5.0,12.0,6,11.0,8.0,3.0,0,0,1.263157894736842,-2.0,1.394736842105263,0.0,-0.13157894736842102,-2.0,-3.0,-1.0,2.0,-0.13157894736842102,-2.0,0
2025-10-05,Newcastle,Nott'm Forest,2,0,H,18,5,9,4,16,15,8,1,0,4,0,0,2025/26,6.0,6,5.0,4.0,5.0,5.0,6,2.0,2.0,9.0,0,0,1.736842105263158,21.0,1.7105263157894737,12.0,0.026315789473684292,9.0,3.0,2.0,-4.0,0.026315789473684292,9.0,0
2025-10-05,Wolves,Brighton,1,1,D,6,17,3,6,13,9,2,8,2,4,0,0,2025/26,1.0,6,1.0,4.0,9.0,8.0,6,7.0,8.0,8.0,0,0,1.105263157894737,-15.0,1.605263157894737,7.0,-0.5,-22.0,-6.0,-4.0,1.0,-0.5,-22.0,0
2025-10-18,Brighton,Newcastle,2,1,H,13,16,5,3,9,9,8,4,0,1,0,0,2025/26,9.0,7,8.0,9.0,7.0,9.0,7,8.0,4.0,2.0,0,0,1.605263157894737,7.0,1.736842105263158,21.0,-0.13157894736842102,-14.0,0.0,5.0,5.0,-0.13157894736842102,-14.0,0
2025-10-18,Burnley,Leeds,2,0,H,4,19,3,4,10,7,1,5,2,1,0,0,2025/26,4.0,7,1.0,5.0,12.0,8.0,7,5.0,6.0,6.0,1,1,,,,,,,-4.0,-1.0,6.0,0.0,0.0,0
2025-10-18,Crystal Palace,Bournemouth,3,3,D,20,8,7,5,8,16,6,5,1,4,0,0,2025/26,12.0,7,10.0,8.0,4.0,14.0,7,11.0,8.0,4.0,0,0,1.394736842105263,0.0,1.4736842105263157,12.0,-0.07894736842105265,-12.0,-1.0,0.0,0.0,-0.07894736842105265,-12.0,0
2025-10-18,Fulham,Arsenal,0,1,A,9,16,0,5,11,4,6,10,0,0,0,0,2025/26,8.0,7,6.0,6.0,9.0,16.0,7,10.0,8.0,3.0,0,0,1.4210526315789473,0.0,1.9473684210526316,35.0,-0.5263157894736843,-35.0,-4.0,-2.0,6.0,-0.5263157894736843,-35.0,0
2025-10-18,Man City,Everton,2,0,H,19,5,7,1,8,14,11,3,0,2,0,0,2025/26,13.0,7,10.0,11.0,4.0,11.0,7,8.0,7.0,6.0,0,0,1.868421052631579,28.0,1.263157894736842,-2.0,0.605263157894737,30.0,2.0,4.0,-2.0,0.605263157894737,30.0,0
2025-10-18,Nott'm Forest,Chelsea,0,3,A,12,17,2,6,13,16,5,2,2,2,0,1,2025/26,5.0,7,1.0,1.0,10.0,11.0,7,7.0,8.0,8.0,0,0,1.7105263157894737,12.0,1.8157894736842106,21.0,-0.10526315789473695,-9.0,-6.0,-7.0,2.0,-0.10526315789473695,-9.0,0
2025-10-18,Sunderland,Wolves,2,0,H,8,16,2,3,5,12,3,2,0,0,0,0,2025/26,11.0,7,8.0,4.0,4.0,2.0,7,2.0,5.0,9.0,1,0,,,1.105263157894737,-15.0,,,6.0,-1.0,-5.0,0.0,0.0,0
2025-10-19,Liverpool,Man United,1,2,A,19,12,6,4,8,14,9,4,0,2,0,0,2025/26,15.0,7,9.0,6.0,5.0,10.0,7,9.0,8.0,9.0,0,0,2.210526315789474,45.0,1.105263157894737,-10.0,1.105263157894737,55.0,0.0,-2.0,-4.0,1.105263157894737,55.0,0
2025-10-19,Tottenham,Aston Villa,1,2,A,9,8,3,2,11,7,6,6,2,0,0,0,2025/26,14.0,7,8.0,8.0,5.0,9.0,7,8.0,6.0,6.0,0,0,1.0,-1.0,1.736842105263158,7.0,-0.736842105263158,-8.0,0.0,2.0,-1.0,-0.736842105263158,-8.0,0
2025-10-20,West Ham,Brentford,0,2,A,7,22,1,7,10,10,6,10,1,1,0,0,2025/26,4.0,7,4.0,5.0,8.0,7.0,7,4.0,7.0,9.0,0,0,1.131578947368421,-16.0,1.4736842105263157,9.0,-0.3421052631578947,-25.0,0.0,-2.0,-1.0,-0.3421052631578947,-25.0,0
2025-10-24,Leeds,West Ham,2,1,H,13,9,5,3,12,11,3,4,3,3,0,0,2025/26,8.0,8,4.0,6.0,8.0,4.0,8,1.0,2.0,10.0,1,0,,,1.131578947368421,-16.0,,,3.0,4.0,-2.0,0.0,0.0,0
2025-10-25,Brentford,Liverpool,3,2,H,17,18,8,5,7,10,5,4,3,2,0,0,2025/26,10.0,8,7.0,8.0,7.0,15.0,8,6.0,6.0,7.0,0,0,1.4736842105263157,9.0,2.210526315789474,45.0,-0.7368421052631582,-36.0,1.0,2.0,0.0,-0.7368421052631582,-36.0,0
2025-10-25,Chelsea,Sunderland,1,2,A,16,10,7,4,15,13,9,1,1,1,0,0,2025/26,14.0,8,7.0,9.0,8.0,14.0,8,8.0,4.0,3.0,0,1,1.8157894736842106,21.0,,,,,-1.0,5.0,5.0,0.0,0.0,0
2025-10-25,Man United,Brighton,4,2,H,13,17,9,5,4,13,1,6,2,2,0,0,2025/26,13.0,8,9.0,7.0,8.0,12.0,8,8.0,9.0,7.0,0,0,1.105263157894737,-10.0,1.605263157894737,7.0,-0.5,-17.0,1.0,-2.0,1.0,-0.5,-17.0,0
2025-10-25,Newcastle,Fulham,2,1,H,18,12,7,5,11,18,4,3,0,2,0,0,2025/26,9.0,8,7.0,5.0,4.0,8.0,8,6.0,6.0,8.0,0,0,1.736842105263158,21.0,1.4210526315789473,0.0,0.3157894736842106,21.0,1.0,-1.0,-4.0,0.3157894736842106,21.0,0
2025-10-26,Arsenal,Crystal Palace,1,0,H,10,7,3,1,6,11,4,3,0,0,0,0,2025/26,19.0,8,13.0,9.0,2.0,13.0,8,8.0,8.0,7.0,0,0,1.9473684210526316,35.0,1.394736842105263,0.0,0.5526315789473686,35.0,5.0,1.0,-5.0,0.5526315789473686,35.0,0
2025-10-26,Aston Villa,Man City,1,0,H,9,18,3,4,8,16,5,6,1,4,0,0,2025/26,12.0,8,11.0,8.0,4.0,16.0,8,13.0,12.0,2.0,0,0,1.736842105263158,7.0,1.868421052631579,28.0,-0.13157894736842102,-21.0,-2.0,-4.0,2.0,-0.13157894736842102,-21.0,0
2025-10-26,Bournemouth,Nott'm Forest,2,0,H,13,8,5,4,17,7,6,4,3,1,0,0,2025/26,15.0,8,9.0,10.0,7.0,5.0,8,1.0,1.0,10.0,0,0,1.4736842105263157,12.0,1.7105263157894737,12.0,-0.23684210526315796,0.0,8.0,9.0,-3.0,-0.23684210526315796,0.0,0
2025-10-26,Everton,Tottenham,0,3,A,12,7,2,4,9,8,9,8,2,0,0,0,2025/26,11.0,8,5.0,4.0,6.0,14.0,8,8.0,9.0,6.0,0,0,1.263157894736842,-2.0,1.0,-1.0,0.26315789473684204,-1.0,-3.0,-5.0,0.0,0.26315789473684204,-1.0,0
2025-10-26,Wolves,Burnley,2,3,A,15,11,7,7,12,7,5,3,1,0,0,0,2025/26,2.0,8,2.0,3.0,8.0,7.0,8,4.0,5.0,9.0,0,1,1.105263157894737,-15.0,,,,,-2.0,-2.0,-1.0,0.0,0.0,0
2025-11-01,Brighton,Leeds,3,0,H,14,5,7,2,10,7,4,7,0,1,0,0,2025/26,12.0,9,8.0,10.0,9.0,11.0,9,7.0,8.0,8.0,0,1,1.605263157894737,7.0,,,,,1.0,2.0,1.0,0.0,0.0,0
2025-11-01,Burnley,Arsenal,0,2,A,3,12,0,8,10,13,1,6,2,1,0,0,2025/26,10.0,9,7.0,8.0,10.0,22.0,9,13.0,7.0,2.0,1,0,,,1.9473684210526316,35.0,,,-6.0,1.0,8.0,0.0,0.0,0
2025-11-01,Crystal Palace,Brentford,2,0,H,9,6,2,2,7,11,6,5,0,3,0,0,2025/26,13.0,9,7.0,8.0,8.0,13.0,9,9.0,9.0,7.0,0,0,1.394736842105263,0.0,1.4736842105263157,9.0,-0.07894736842105265,-9.0,-2.0,-1.0,1.0,-0.07894736842105265,-9.0,0
2025-11-01,Fulham,Wolves,3,0,H,19,5,6,2,13,14,10,1,1,3,0,1,2025/26,8.0,9,3.0,6.0,10.0,2.0,9,2.0,5.0,10.0,0,0,1.4210526315789473,0.0,1.105263157894737,-15.0,0.3157894736842104,15.0,1.0,1.0,0.0,0.3157894736842104,15.0,0
2025-11-01,Liverpool,Aston Villa,2,0,H,16,10,4,3,13,11,1,4,2,3,0,0,2025/26,15.0,9,3.0,7.0,10.0,15.0,9,13.0,9.0,4.0,0,0,2.210526315789474,45.0,1.736842105263158,7.0,0.47368421052631593,38.0,-10.0,-2.0,6.0,0.47368421052631593,38.0,0
2025-11-01,Nott'm Forest,Man United,2,2,D,17,18,3,7,10,7,8,5,1,1,0,0,2025/26,5.0,9,1.0,1.0,9.0,16.0,9,12.0,11.0,7.0,0,0,1.7105263157894737,12.0,1.105263157894737,-10.0,0.6052631578947367,22.0,-11.0,-10.0,2.0,0.6052631578947367,22.0,0
2025-11-01,Tottenham,Chelsea,0,1,A,3,15,1,9,14,12,6,5,4,2,0,0,2025/26,17.0,9,8.0,9.0,6.0,14.0,9,6.0,8.0,8.0,0,0,1.0,-1.0,1.8157894736842106,21.0,-0.8157894736842106,-22.0,2.0,1.0,-2.0,-0.8157894736842106,-22.0,0
2025-11-02,Man City,Bournemouth,3,1,H,15,8,8,5,8,11,10,4,2,2,0,0,2025/26,16.0,9,10.0,9.0,3.0,18.0,9,9.0,10.0,6.0,0,0,1.868421052631579,28.0,1.4736842105263157,12.0,0.3947368421052633,16.0,1.0,-1.0,-3.0,0.3947368421052633,16.0,0
2025-11-02,West Ham,Newcastle,3,1,H,15,12,9,4,5,10,7,6,1,2,0,0,2025/26,4.0,9,1.0,3.0,9.0,12.0,9,7.0,6.0,5.0,0,0,1.131578947368421,-16.0,1.736842105263158,21.0,-0.605263157894737,-37.0,-6.0,-3.0,4.0,-0.605263157894737,-37.0,0
2025-11-03,Sunderland,Everton,1,1,D,17,8,3,2,10,12,4,1,3,2,0,0,2025/26,17.0,9,10.0,6.0,4.0,11.0,9,4.0,4.0,9.0,1,0,,,1.263157894736842,-2.0,,,6.0,2.0,-5.0,0.0,0.0,0
2025-11-08,Chelsea,Wolves,3,0,H,20,3,8,0,12,14,10,1,1,2,0,0,2025/26,17.0,10,9.0,8.0,6.0,2.0,10,2.0,4.0,10.0,0,0,1.8157894736842106,21.0,1.105263157894737,-15.0,0.7105263157894737,36.0,7.0,4.0,-4.0,0.7105263157894737,36.0,0
2025-11-08,Everton,Fulham,2,0,H,14,8,5,4,11,14,7,5,2,2,0,0,2025/26,12.0,10,5.0,4.0,8.0,11.0,10,3.0,6.0,9.0,0,0,1.263157894736842,-2.0,1.4210526315789473,0.0,-0.1578947368421053,-2.0,2.0,-2.0,-1.0,-0.1578947368421053,-2.0,0
2025-11-08,Sunderland,Arsenal,2,2,D,6,17,2,7,13,13,2,2,2,1,0,0,2025/26,18.0,10,10.0,6.0,4.0,25.0,10,15.0,8.0,1.0,1,0,,,1.9473684210526316,35.0,,,-5.0,-2.0,3.0,0.0,0.0,0
2025-11-08,Tottenham,Man United,2,2,D,10,5,4,2,10,8,5,3,5,1,0,0,2025/26,17.0,10,7.0,7.0,5.0,17.0,10,10.0,11.0,8.0,0,0,1.0,-1.0,1.105263157894737,-10.0,-0.10526315789473695,9.0,-3.0,-4.0,-3.0,-0.10526315789473695,9.0,0
2025-11-08,West Ham,Burnley,3,2,H,15,16,6,7,15,13,7,4,2,2,0,0,2025/26,7.0,10,4.0,5.0,8.0,10.0,10,6.0,7.0,11.0,0,1,1.131578947368421,-16.0,,,,,-2.0,-2.0,-3.0,0.0,0.0,0
2025-11-09,Aston Villa,Bournemouth,4,0,H,16,13,8,4,8,20,6,9,2,2,0,0,2025/26,15.0,10,12.0,8.0,5.0,18.0,10,8.0,11.0,9.0,0,0,1.736842105263158,7.0,1.4736842105263157,12.0,0.26315789473684226,-5.0,4.0,-3.0,-4.0,0.26315789473684226,-5.0,0
2025-11-09,Brentford,Newcastle,3,1,H,15,5,7,1,10,13,6,2,2,1,0,0,2025/26,13.0,10,9.0,8.0,6.0,12.0,10,6.0,7.0,8.0,0,0,1.4736842105263157,9.0,1.736842105263158,21.0,-0.26315789473684226,-12.0,3.0,1.0,-2.0,-0.26315789473684226,-12.0,0
2025-11-09,Crystal Palace,Brighton,0,0,D,10,7,2,3,10,12,4,8,1,4,0,0,2025/26,16.0,10,7.0,8.0,7.0,15.0,10,10.0,11.0,7.0,0,0,1.394736842105263,0.0,1.605263157894737,7.0,-0.2105263157894739,-7.0,-3.0,-3.0,0.0,-0.2105263157894739,-7.0,0
2025-11-09,Man City,Liverpool,3,0,H,14,7,6,1,14,15,7,7,2,4,0,0,2025/26,19.0,10,12.0,11.0,3.0,18.0,10,3.0,7.0,9.0,0,0,1.868421052631579,28.0,2.210526315789474,45.0,-0.3421052631578949,-17.0,9.0,4.0,-6.0,-0.3421052631578949,-17.0,0
2025-11-09,Nott'm Forest,Leeds,3,1,H,14,10,6,3,10,11,6,4,2,1,0,0,2025/26,6.0,10,1.0,2.0,10.0,11.0,10,4.0,5.0,10.0,0,1,1.7105263157894737,12.0,,,,,-3.0,-3.0,0.0,0.0,0.0,0
2025-11-22,Bournemouth,West Ham,2,2,D,28,5,10,2,9,10,9,2,3,2,0,0,2025/26,18.0,11,7.0,9.0,11.0,10.0,11,6.0,7.0,9.0,0,0,1.4736842105263157,12.0,1.131578947368421,-16.0,0.3421052631578947,28.0,1.0,2.0,2.0,0.3421052631578947,28.0,0
2025-11-22,Brighton,Brentford,2,1,H,14,10,5,4,10,9,7,4,4,2,0,0,2025/26,16.0,11,8.0,8.0,6.0,16.0,11,9.0,8.0,6.0,0,0,1.605263157894737,7.0,1.4736842105263157,9.0,0.13157894736842124,-2.0,-1.0,0.0,0.0,0.13157894736842124,-2.0,0
2025-11-22,Burnley,Chelsea,0,2,A,8,15,2,5,13,8,1,9,2,3,0,0,2025/26,10.0,11,6.0,8.0,9.0,20.0,11,12.0,10.0,3.0,1,0,,,1.8157894736842106,21.0,,,-6.0,-2.0,6.0,0.0,0.0,0
2025-11-22,Fulham,Sunderland,1,0,H,24,4,6,2,5,13,7,4,3,3,0,0,2025/26,11.0,11,3.0,5.0,8.0,19.0,11,8.0,7.0,6.0,0,1,1.4210526315789473,0.0,,,,,-5.0,-2.0,2.0,0.0,0.0,0
2025-11-22,Liverpool,Nott'm Forest,0,3,A,21,15,4,7,11,8,8,6,2,0,0,0,2025/26,18.0,11,3.0,6.0,10.0,9.0,11,4.0,5.0,10.0,0,0,2.210526315789474,45.0,1.7105263157894737,12.0,0.5000000000000002,33.0,-1.0,1.0,0.0,0.5000000000000002,33.0,0
2025-11-22,Newcastle,Man City,2,1,H,9,17,5,4,13,8,5,9,1,3,0,0,2025/26,12.0,11,6.0,7.0,9.0,22.0,11,12.0,9.0,2.0,0,0,1.736842105263158,21.0,1.868421052631579,28.0,-0.13157894736842102,-7.0,-6.0,-2.0,7.0,-0.13157894736842102,-7.0,0
2025-11-22,Wolves,Crystal Palace,0,2,A,8,10,1,4,13,9,1,4,2,3,0,0,2025/26,2.0,11,1.0,3.0,12.0,17.0,11,5.0,6.0,6.0,0,0,1.105263157894737,-15.0,1.394736842105263,0.0,-0.2894736842105261,-15.0,-4.0,-3.0,6.0,-0.2894736842105261,-15.0,0
2025-11-23,Arsenal,Tottenham,4,1,H,17,3,8,2,11,15,4,1,1,3,0,0,2025/26,26.0,11,13.0,8.0,2.0,18.0,11,7.0,8.0,6.0,0,0,1.9473684210526316,35.0,1.0,-1.0,0.9473684210526316,36.0,6.0,0.0,-4.0,0.9473684210526316,36.0,0
2025-11-23,Leeds,Aston Villa,1,2,A,14,14,5,3,18,16,3,3,5,1,0,0,2025/26,11.0,11,3.0,4.0,11.0,18.0,11,12.0,9.0,4.0,1,0,,,1.736842105263158,7.0,,,-9.0,-5.0,7.0,0.0,0.0,0
2025-11-24,Man United,Everton,0,1,A,25,3,6,1,12,9,9,1,2,0,0,1,2025/26,18.0,11,11.0,12.0,7.0,15.0,11,7.0,5.0,7.0,0,0,1.105263157894737,-10.0,1.263157894736842,-2.0,-0.1578947368421051,-8.0,4.0,7.0,0.0,-0.1578947368421051,-8.0,0
2025-11-29,Brentford,Burnley,3,1,H,14,6,4,2,7,7,5,6,0,2,0,0,2025/26,16.0,12,9.0,9.0,7.0,10.0,12,6.0,7.0,9.0,0,1,1.4736842105263157,9.0,,,,,3.0,2.0,-2.0,0.0,0.0,0
2025-11-29,Everton,Newcastle,1,4,A,10,13,2,8,4,6,8,7,0,0,0,0,2025/26,18.0,12,7.0,4.0,6.0,15.0,12,6.0,7.0,10.0,0,0,1.263157894736842,-2.0,1.736842105263158,21.0,-0.47368421052631593,-23.0,1.0,-3.0,-4.0,-0.47368421052631593,-23.0,0
2025-11-29,Man City,Leeds,3,2,H,18,9,9,4,17,11,8,1,4,1,0,0,2025/26,22.0,12,9.0,9.0,4.0,11.0,12,3.0,4.0,11.0,0,1,1.868421052631579,28.0,,,,,6.0,5.0,-7.0,0.0,0.0,0
2025-11-29,Sunderland,Bournemouth,3,2,H,12,18,6,6,14,13,6,3,5,5,0,1,2025/26,19.0,12,8.0,7.0,5.0,19.0,12,5.0,8.0,12.0,1,0,,,1.4736842105263157,12.0,,,3.0,-1.0,-7.0,0.0,0.0,0
2025-11-29,Tottenham,Fulham,1,2,A,14,7,2,3,11,7,8,2,3,2,0,0,2025/26,18.0,12,4.0,7.0,9.0,14.0,12,6.0,5.0,5.0,0,0,1.0,-1.0,1.4210526315789473,0.0,-0.42105263157894735,-1.0,-2.0,2.0,4.0,-0.42105263157894735,-1.0,0
2025-11-30,Aston Villa,Wolves,1,0,H,16,9,6,4,13,21,7,3,0,4,0,0,2025/26,21.0,12,12.0,9.0,4.0,2.0,12,0.0,2.0,13.0,0,0,1.736842105263158,7.0,1.105263157894737,-15.0,0.631578947368421,22.0,12.0,7.0,-9.0,0.631578947368421,22.0,0
2025-11-30,Chelsea,Arsenal,1,1,D,11,8,4,4,12,13,3,3,1,6,1,0,2025/26,23.0,12,12.0,10.0,2.0,29.0,12,13.0,10.0,3.0,0,0,1.8157894736842106,21.0,1.9473684210526316,35.0,-0.13157894736842102,-14.0,-1.0,0.0,-1.0,-0.13157894736842102,-14.0,0
2025-11-30,Crystal Palace,Man United,1,2,A,14,14,3,6,14,14,4,4,3,2,0,0,2025/26,20.0,12,8.0,7.0,4.0,18.0,12,8.0,10.0,8.0,0,0,1.394736842105263,0.0,1.105263157894737,-10.0,0.2894736842105261,10.0,0.0,-3.0,-4.0,0.2894736842105261,10.0,0
2025-11-30,Nott'm Forest,Brighton,0,2,A,19,17,3,6,11,10,9,2,0,1,0,0,2025/26,12.0,12,7.0,8.0,8.0,19.0,12,10.0,9.0,6.0,0,0,1.7105263157894737,12.0,1.605263157894737,7.0,0.10526315789473673,5.0,-3.0,-1.0,2.0,0.10526315789473673,5.0,0
2025-11-30,West Ham,Liverpool,0,2,A,7,9,0,5,12,14,7,2,1,0,1,0,2025/26,11.0,12,7.0,9.0,9.0,18.0,12,3.0,5.0,11.0,0,0,1.131578947368421,-16.0,2.210526315789474,45.0,-1.0789473684210529,-61.0,4.0,4.0,-2.0,-1.0789473684210529,-61.0,0
2025-12-02,Bournemouth,Everton,0,1,A,5,13,2,3,14,14,1,6,3,3,0,0,2025/26,19.0,13,4.0,7.0,12.0,18.0,13,7.0,5.0,8.0,0,0,1.4736842105263157,12.0,1.263157894736842,-2.0,0.21052631578947367,14.0,-3.0,2.0,4.0,0.21052631578947367,14.0,0
2025-12-02,Fulham,Man City,4,5,A,12,11,6,4,9,7,7,2,0,1,0,0,2025/26,17.0,13,9.0,7.0,5.0,25.0,13,9.0,10.0,6.0,0,0,1.4210526315789473,0.0,1.868421052631579,28.0,-0.44736842105263164,-28.0,0.0,-3.0,-1.0,-0.44736842105263164,-28.0,0
2025-12-02,Newcastle,Tottenham,2,2,D,19,8,7,2,5,12,11,8,0,3,0,0,2025/26,18.0,13,9.0,10.0,9.0,18.0,13,4.0,7.0,9.0,0,0,1.736842105263158,21.0,1.0,-1.0,0.736842105263158,22.0,5.0,3.0,0.0,0.736842105263158,22.0,0
2025-12-03,Arsenal,Brentford,2,0,H,15,6,7,1,7,9,4,8,0,1,0,0,2025/26,30.0,13,11.0,10.0,4.0,19.0,13,9.0,10.0,8.0,0,0,1.9473684210526316,35.0,1.4736842105263157,9.0,0.47368421052631593,26.0,2.0,0.0,-4.0,0.47368421052631593,26.0,0
2025-12-03,Brighton,Aston Villa,3,4,A,16,14,7,10,10,9,5,6,2,2,0,0,2025/26,22.0,13,10.0,9.0,5.0,24.0,13,12.0,8.0,3.0,0,0,1.605263157894737,7.0,1.736842105263158,7.0,-0.13157894736842102,0.0,-2.0,1.0,2.0,-0.13157894736842102,0.0,0
2025-12-03,Burnley,Crystal Palace,0,1,A,11,3,4,3,9,8,3,4,0,0,0,0,2025/26,10.0,13,3.0,6.0,12.0,20.0,13,7.0,5.0,3.0,1,0,,,1.394736842105263,0.0,,,-4.0,1.0,9.0,0.0,0.0,0
2025-12-03,Leeds,Chelsea,3,1,H,17,14,5,2,10,13,4,2,1,1,0,0,2025/26,11.0,13,3.0,6.0,12.0,24.0,13,10.0,8.0,3.0,1,0,,,1.8157894736842106,21.0,,,-7.0,-2.0,9.0,0.0,0.0,0
2025-12-03,Liverpool,Sunderland,1,1,D,23,9,4,6,10,5,7,3,1,1,0,0,2025/26,21.0,13,6.0,6.0,9.0,22.0,13,8.0,8.0,7.0,0,1,2.210526315789474,45.0,,,,,-2.0,-2.0,2.0,0.0,0.0,0
2025-12-03,Wolves,Nott'm Forest,0,1,A,5,10,1,3,19,11,3,9,2,2,0,0,2025/26,2.0,13,0.0,2.0,12.0,12.0,13,7.0,8.0,7.0,0,0,1.105263157894737,-15.0,1.7105263157894737,12.0,-0.6052631578947367,-27.0,-7.0,-6.0,5.0,-0.6052631578947367,-27.0,0
2025-12-04,Man United,West Ham,1,1,D,17,11,4,3,13,9,6,6,2,2,0,0,2025/26,21.0,13,8.0,10.0,8.0,11.0,13,7.0,9.0,9.0,0,0,1.105263157894737,-10.0,1.131578947368421,-16.0,-0.02631578947368407,6.0,1.0,1.0,-1.0,-0.02631578947368407,6.0,0
2025-12-06,Aston Villa,Arsenal,2,1,H,15,15,6,9,10,8,3,3,0,2,0,0,2025/26,27.0,14,12.0,11.0,6.0,33.0,14,11.0,11.0,4.0,0,0,1.736842105263158,7.0,1.9473684210526316,35.0,-0.21052631578947367,-28.0,1.0,0.0,2.0,-0.21052631578947367,-28.0,0
2025-12-06,Bournemouth,Chelsea,0,0,D,13,11,5,4,15,13,5,0,0,2,0,0,2025/26,19.0,14,1.0,5.0,13.0,24.0,14,10.0,8.0,4.0,0,0,1.4736842105263157,12.0,1.8157894736842106,21.0,-0.3421052631578949,-9.0,-9.0,-3.0,9.0,-0.3421052631578949,-9.0,0
2025-12-06,Everton,Nott'm Forest,3,0,H,11,7,5,3,17,15,6,3,4,3,0,0,2025/26,21.0,14,10.0,6.0,5.0,15.0,14,10.0,9.0,5.0,0,0,1.263157894736842,-2.0,1.7105263157894737,12.0,-0.44736842105263164,-14.0,0.0,-3.0,0.0,-0.44736842105263164,-14.0,0
2025-12-06,Leeds,Liverpool,3,3,D,12,16,5,7,14,14,5,4,3,3,0,0,2025/26,14.0,14,3.0,7.0,12.0,22.0,14,7.0,5.0,7.0,1,0,,,2.210526315789474,45.0,,,-4.0,2.0,5.0,0.0,0.0,0
2025-12-06,Man City,Sunderland,3,0,H,18,8,6,1,9,10,6,5,1,0,0,1,2025/26,28.0,14,12.0,15.0,9.0,23.0,14,6.0,7.0,7.0,0,1,1.868421052631579,28.0,,,,,6.0,8.0,2.0,0.0,0.0,0
2025-12-06,Newcastle,Burnley,2,1,H,17,9,7,3,9,11,9,9,2,2,0,1,2025/26,19.0,14,7.0,10.0,10.0,10.0,14,0.0,3.0,11.0,0,1,1.736842105263158,21.0,,,,,7.0,7.0,-1.0,0.0,0.0,0
2025-12-06,Tottenham,Brentford,2,0,H,15,4,7,1,8,9,7,6,3,4,0,0,2025/26,19.0,14,2.0,6.0,11.0,19.0,14,6.0,7.0,8.0,0,0,1.0,-1.0,1.4736842105263157,9.0,-0.4736842105263157,-10.0,-4.0,-1.0,3.0,-0.4736842105263157,-10.0,0
2025-12-07,Brighton,West Ham,1,1,D,22,14,4,5,12,8,10,6,2,2,0,0,2025/26,22.0,14,10.0,10.0,5.0,12.0,14,8.0,9.0,8.0,0,0,1.605263157894737,7.0,1.131578947368421,-16.0,0.47368421052631593,23.0,2.0,1.0,-3.0,0.47368421052631593,23.0,0
2025-12-07,Fulham,Crystal Palace,1,2,A,12,11,4,5,5,8,6,4,0,0,0,0,2025/26,17.0,14,9.0,10.0,8.0,23.0,14,10.0,6.0,2.0,0,0,1.4210526315789473,0.0,1.394736842105263,0.0,0.026315789473684292,0.0,-1.0,4.0,6.0,0.026315789473684292,0.0,0
2025-12-08,Wolves,Man United,1,4,A,8,27,2,10,17,12,1,9,3,2,0,0,2025/26,2.0,14,0.0,0.0,10.0,22.0,14,6.0,7.0,7.0,0,0,1.105263157894737,-15.0,1.105263157894737,-10.0,0.0,-5.0,-6.0,-7.0,3.0,0.0,-5.0,0
2025-12-13,Arsenal,Wolves,2,1,H,16,3,2,2,7,15,8,0,0,4,0,0,2025/26,33.0,15,8.0,10.0,6.0,2.0,15,0.0,1.0,11.0,0,0,1.9473684210526316,35.0,1.105263157894737,-15.0,0.8421052631578947,50.0,8.0,9.0,-5.0,0.8421052631578947,50.0,0
2025-12-13,Burnley,Fulham,2,3,A,16,6,8,4,8,8,10,4,1,2,0,0,2025/26,10.0,15,0.0,4.0,11.0,17.0,15,6.0,8.0,10.0,1,0,,,1.4210526315789473,0.0,,,-6.0,-4.0,1.0,0.0,0.0,0
2025-12-13,Chelsea,Everton,2,0,H,17,11,5,2,13,11,4,7,1,0,0,0,2025/26,25.0,15,8.0,7.0,4.0,24.0,15,12.0,8.0,4.0,0,0,1.8157894736842106,21.0,1.263157894736842,-2.0,0.5526315789473686,23.0,-4.0,-1.0,0.0,0.5526315789473686,23.0,0
2025-12-13,Liverpool,Brighton,2,0,H,18,14,4,1,8,15,2,2,1,2,0,0,2025/26,23.0,15,5.0,6.0,10.0,23.0,15,8.0,8.0,6.0,0,0,2.210526315789474,45.0,1.605263157894737,7.0,0.605263157894737,38.0,-3.0,-2.0,4.0,0.605263157894737,38.0,0
2025-12-14,Brentford,Leeds,1,1,D,7,18,2,4,8,9,0,3,0,0,0,0,2025/26,19.0,15,6.0,7.0,8.0,15.0,15,4.0,10.0,12.0,0,1,1.4736842105263157,9.0,,,,,2.0,-3.0,-4.0,0.0,0.0,0
2025-12-14,Crystal Palace,Man City,0,3,A,16,7,4,6,9,6,2,2,2,0,0,0,2025/26,26.0,15,10.0,6.0,3.0,31.0,15,12.0,15.0,8.0,0,0,1.394736842105263,0.0,1.868421052631579,28.0,-0.47368421052631593,-28.0,-2.0,-9.0,-5.0,-0.47368421052631593,-28.0,0
2025-12-14,Nott'm Forest,Tottenham,3,0,H,15,6,6,1,9,13,3,3,1,3,0,0,2025/26,15.0,15,9.0,7.0,6.0,22.0,15,5.0,8.0,10.0,0,0,1.7105263157894737,12.0,1.0,-1.0,0.7105263157894737,13.0,4.0,-1.0,-4.0,0.7105263157894737,13.0,0
2025-12-14,Sunderland,Newcastle,1,0,H,5,6,1,2,10,10,3,6,5,4,0,0,2025/26,23.0,15,5.0,6.0,9.0,22.0,15,10.0,11.0,8.0,1,0,,,1.736842105263158,21.0,,,-5.0,-5.0,1.0,0.0,0.0,0
2025-12-14,West Ham,Aston Villa,2,3,A,10,7,3,4,18,13,5,3,1,2,0,0,2025/26,13.0,15,6.0,7.0,8.0,30.0,15,15.0,13.0,5.0,0,0,1.131578947368421,-16.0,1.736842105263158,7.0,-0.605263157894737,-23.0,-9.0,-6.0,3.0,-0.605263157894737,-23.0,0
2025-12-15,Man United,Bournemouth,4,4,D,25,14,9,9,15,12,5,4,2,3,0,0,2025/26,25.0,15,8.0,9.0,6.0,20.0,15,2.0,4.0,10.0,0,0,1.105263157894737,-10.0,1.4736842105263157,12.0,-0.36842105263157876,-22.0,6.0,5.0,-4.0,-0.36842105263157876,-22.0,0
2025-12-20,Bournemouth,Burnley,1,1,D,16,4,1,1,11,11,5,3,1,1,0,0,2025/26,21.0,16,3.0,8.0,10.0,10.0,16,0.0,4.0,11.0,0,1,1.4736842105263157,12.0,,,,,3.0,4.0,-1.0,0.0,0.0,0
2025-12-20,Brighton,Sunderland,0,0,D,16,14,4,6,11,15,3,4,2,2,0,0,2025/26,23.0,16,7.0,8.0,8.0,26.0,16,7.0,5.0,7.0,0,1,1.605263157894737,7.0,,,,,0.0,3.0,1.0,0.0,0.0,0
2025-12-20,Everton,Arsenal,0,1,A,5,13,1,2,4,5,2,3,2,2,0,0,2025/26,24.0,16,9.0,6.0,6.0,36.0,16,10.0,10.0,5.0,0,0,1.263157894736842,-2.0,1.9473684210526316,35.0,-0.6842105263157896,-37.0,-1.0,-4.0,1.0,-0.6842105263157896,-37.0,0
2025-12-20,Leeds,Crystal Palace,4,1,H,20,9,8,3,5,10,9,5,1,3,0,0,2025/26,16.0,16,5.0,10.0,10.0,26.0,16,9.0,6.0,6.0,1,0,,,1.394736842105263,0.0,,,-4.0,4.0,4.0,0.0,0.0,0
2025-12-20,Man City,West Ham,3,0,H,17,7,8,3,16,10,6,0,1,1,0,0,2025/26,34.0,16,12.0,15.0,8.0,13.0,16,3.0,6.0,9.0,0,0,1.868421052631579,28.0,1.131578947368421,-16.0,0.736842105263158,44.0,9.0,9.0,-1.0,0.736842105263158,44.0,0
2025-12-20,Newcastle,Chelsea,2,2,D,11,13,5,4,13,14,6,4,3,6,0,0,2025/26,22.0,16,10.0,10.0,6.0,28.0,16,8.0,6.0,4.0,0,0,1.736842105263158,21.0,1.8157894736842106,21.0,-0.07894736842105265,0.0,2.0,4.0,2.0,-0.07894736842105265,0.0,0
2025-12-20,Tottenham,Liverpool,1,2,A,15,8,4,4,9,7,2,6,3,3,2,0,2025/26,22.0,16,4.0,6.0,11.0,26.0,16,8.0,8.0,7.0,0,0,1.0,-1.0,2.210526315789474,45.0,-1.210526315789474,-46.0,-4.0,-2.0,4.0,-1.210526315789474,-46.0,0
2025-12-20,Wolves,Brentford,0,2,A,9,7,2,6,12,15,3,4,2,4,0,0,2025/26,2.0,16,0.0,2.0,10.0,20.0,16,4.0,5.0,8.0,0,0,1.105263157894737,-15.0,1.4736842105263157,9.0,-0.36842105263157876,-24.0,-4.0,-3.0,2.0,-0.36842105263157876,-24.0,0
2025-12-21,Aston Villa,Man United,2,1,H,12,15,4,6,11,14,5,5,1,2,0,0,2025/26,33.0,16,15.0,12.0,7.0,26.0,16,8.0,11.0,8.0,0,0,1.736842105263158,7.0,1.105263157894737,-10.0,0.631578947368421,17.0,7.0,1.0,-1.0,0.631578947368421,17.0,0
2025-12-22,Fulham,Nott'm Forest,1,0,H,11,12,1,2,5,9,1,5,5,4,0,0,2025/26,20.0,16,9.0,11.0,10.0,18.0,16,9.0,7.0,5.0,0,0,1.4210526315789473,0.0,1.7105263157894737,12.0,-0.2894736842105263,-12.0,0.0,4.0,5.0,-0.2894736842105263,-12.0,0
2025-12-26,Man United,Newcastle,1,0,H,10,16,4,3,9,5,2,11,2,1,0,0,2025/26,26.0,17,8.0,12.0,9.0,23.0,17,8.0,10.0,7.0,0,0,1.105263157894737,-10.0,1.736842105263158,21.0,-0.631578947368421,-31.0,0.0,2.0,2.0,-0.631578947368421,-31.0,0
2025-12-27,Arsenal,Brighton,2,1,H,24,8,6,3,7,13,7,2,2,3,0,0,2025/26,39.0,17,10.0,7.0,4.0,24.0,17,5.0,6.0,7.0,0,0,1.9473684210526316,35.0,1.605263157894737,7.0,0.3421052631578947,28.0,5.0,1.0,-3.0,0.3421052631578947,28.0,0
2025-12-27,Brentford,Bournemouth,4,1,H,15,20,7,10,9,8,2,15,2,2,0,0,2025/26,23.0,17,7.0,6.0,6.0,22.0,17,3.0,7.0,9.0,0,0,1.4736842105263157,9.0,1.4736842105263157,12.0,0.0,-3.0,4.0,-1.0,-3.0,0.0,-3.0,0
2025-12-27,Burnley,Everton,0,0,D,16,15,0,6,8,8,6,5,0,2,0,0,2025/26,11.0,17,1.0,5.0,10.0,24.0,17,6.0,5.0,7.0,1,0,,,1.263157894736842,-2.0,,,-5.0,0.0,3.0,0.0,0.0,0
2025-12-27,Chelsea,Aston Villa,1,2,A,14,11,3,8,16,8,6,7,5,3,0,0,2025/26,29.0,17,6.0,6.0,6.0,36.0,17,15.0,12.0,7.0,0,0,1.8157894736842106,21.0,1.736842105263158,7.0,0.07894736842105265,14.0,-9.0,-6.0,-1.0,0.07894736842105265,14.0,0
2025-12-27,Liverpool,Wolves,2,1,H,14,9,4,4,5,13,6,4,0,1,0,0,2025/26,29.0,17,11.0,10.0,5.0,2.0,17,0.0,2.0,10.0,0,0,2.210526315789474,45.0,1.105263157894737,-15.0,1.105263157894737,60.0,11.0,8.0,-5.0,1.105263157894737,60.0,0
2025-12-27,Nott'm Forest,Man City,1,2,A,7,16,2,5,5,13,5,5,1,2,0,0,2025/26,18.0,17,6.0,4.0,6.0,37.0,17,15.0,17.0,6.0,0,0,1.7105263157894737,12.0,1.868421052631579,28.0,-0.1578947368421053,-16.0,-9.0,-13.0,0.0,-0.1578947368421053,-16.0,0
2025-12-27,West Ham,Fulham,0,1,A,11,15,2,4,8,8,5,4,1,3,0,0,2025/26,13.0,17,2.0,4.0,10.0,23.0,17,9.0,11.0,10.0,0,0,1.131578947368421,-16.0,1.4210526315789473,0.0,-0.2894736842105263,-16.0,-7.0,-7.0,0.0,-0.2894736842105263,-16.0,0
2025-12-28,Crystal Palace,Tottenham,0,1,A,15,8,2,4,7,5,3,2,3,2,0,0,2025/26,26.0,17,6.0,5.0,10.0,22.0,17,4.0,6.0,9.0,0,0,1.394736842105263,0.0,1.0,-1.0,0.39473684210526305,1.0,2.0,-1.0,1.0,0.39473684210526305,1.0,0
2025-12-28,Sunderland,Leeds,1,1,D,8,17,3,6,7,9,3,9,1,0,0,0,2025/26,27.0,17,8.0,5.0,6.0,19.0,17,8.0,13.0,9.0,1,1,,,,,,,0.0,-8.0,-3.0,0.0,0.0,0
2025-12-30,Arsenal,Aston Villa,4,1,H,22,11,7,3,18,9,3,3,2,3,0,0,2025/26,42.0,18,12.0,8.0,4.0,39.0,18,15.0,13.0,8.0,0,0,1.9473684210526316,35.0,1.736842105263158,7.0,0.21052631578947367,28.0,-3.0,-5.0,-4.0,0.21052631578947367,28.0,0
2025-12-30,Burnley,Newcastle,1,3,A,15,20,4,9,9,3,3,4,2,1,0,0,2025/26,12.0,18,2.0,4.0,7.0,23.0,18,5.0,6.0,7.0,1,0,,,1.736842105263158,21.0,,,-3.0,-2.0,0.0,0.0,0.0,0
2025-12-30,Chelsea,Bournemouth,2,2,D,17,17,3,6,5,12,12,3,1,1,0,0,2025/26,29.0,18,5.0,6.0,7.0,22.0,18,3.0,6.0,10.0,0,0,1.8157894736842106,21.0,1.4736842105263157,12.0,0.3421052631578949,9.0,2.0,0.0,-3.0,0.3421052631578949,9.0,0
2025-12-30,Man United,Wolves,1,1,D,15,11,6,4,9,12,8,4,0,2,0,0,2025/26,29.0,18,8.0,11.0,8.0,2.0,18,0.0,3.0,11.0,0,0,1.105263157894737,-10.0,1.105263157894737,-15.0,0.0,5.0,8.0,8.0,-3.0,0.0,5.0,0
2025-12-30,Nott'm Forest,Everton,0,2,A,21,11,6,3,11,9,9,2,1,0,0,0,2025/26,18.0,18,6.0,5.0,6.0,25.0,18,7.0,4.0,3.0,0,0,1.7105263157894737,12.0,1.263157894736842,-2.0,0.44736842105263164,14.0,-1.0,1.0,3.0,0.44736842105263164,14.0,0
2025-12-30,West Ham,Brighton,2,2,D,10,16,4,6,11,18,5,5,3,5,0,0,2025/26,13.0,18,2.0,4.0,9.0,24.0,18,2.0,5.0,9.0,0,0,1.131578947368421,-16.0,1.605263157894737,7.0,-0.47368421052631593,-23.0,0.0,-1.0,0.0,-0.47368421052631593,-23.0,0
2026-01-01,Brentford,Tottenham,0,0,D,7,9,2,3,8,10,3,1,1,2,0,0,2025/26,26.0,18,7.0,7.0,6.0,25.0,18,7.0,6.0,7.0,0,0,1.4736842105263157,9.0,1.0,-1.0,0.4736842105263157,10.0,0.0,1.0,-1.0,0.4736842105263157,10.0,0
2026-01-01,Crystal Palace,Fulham,1,1,D,11,17,2,5,7,10,6,3,0,5,0,0,2025/26,26.0,18,6.0,4.0,9.0,26.0,18,9.0,10.0,9.0,0,0,1.394736842105263,0.0,1.4210526315789473,0.0,-0.026315789473684292,0.0,-3.0,-6.0,0.0,-0.026315789473684292,0.0,0
2026-01-01,Liverpool,Leeds,0,0,D,19,4,4,2,10,8,8,3,0,2,0,0,2025/26,32.0,18,11.0,10.0,6.0,20.0,18,9.0,12.0,7.0,0,1,2.210526315789474,45.0,,,,,2.0,-2.0,-1.0,0.0,0.0,0
2026-01-01,Sunderland,Man City,0,0,D,10,14,4,4,9,6,3,5,1,1,0,0,2025/26,28.0,18,6.0,3.0,5.0,40.0,18,15.0,16.0,5.0,1,0,,,1.868421052631579,28.0,,,-9.0,-13.0,0.0,0.0,0.0,0
2026-01-03,Aston Villa,Nott'm Forest,3,1,H,11,10,4,5,10,20,4,4,1,2,0,0,2025/26,39.0,19,12.0,10.0,9.0,18.0,19,3.0,4.0,8.0,0,0,1.736842105263158,7.0,1.7105263157894737,12.0,0.026315789473684292,-5.0,9.0,6.0,1.0,0.026315789473684292,-5.0,0
2026-01-03,Bournemouth,Arsenal,2,3,A,15,12,3,5,13,8,7,5,3,1,0,0,2025/26,23.0,19,4.0,8.0,11.0,45.0,19,12.0,10.0,5.0,0,0,1.4736842105263157,12.0,1.9473684210526316,35.0,-0.47368421052631593,-23.0,-8.0,-2.0,6.0,-0.47368421052631593,-23.0,0
2026-01-03,Brighton,Burnley,2,0,H,15,5,4,3,7,17,4,4,0,4,0,0,2025/26,25.0,19,3.0,4.0,7.0,12.0,19,2.0,5.0,9.0,0,1,1.605263157894737,7.0,,,,,1.0,-1.0,-2.0,0.0,0.0,0
2026-01-03,Wolves,West Ham,3,0,H,11,6,8,0,11,10,6,7,1,0,0,0,2025/26,3.0,19,1.0,4.0,11.0,14.0,19,2.0,5.0,10.0,0,0,1.105263157894737,-15.0,1.131578947368421,-16.0,-0.02631578947368407,1.0,-1.0,-1.0,1.0,-0.02631578947368407,1.0,0
2026-01-04,Everton,Brentford,2,4,A,14,11,6,7,9,8,4,5,0,2,0,0,2025/26,28.0,19,7.0,5.0,3.0,27.0,19,8.0,7.0,4.0,0,0,1.263157894736842,-2.0,1.4736842105263157,9.0,-0.21052631578947367,-11.0,-1.0,-2.0,-1.0,-0.21052631578947367,-11.0,0
2026-01-04,Fulham,Liverpool,2,2,D,8,10,2,2,11,4,3,8,1,1,0,0,2025/26,27.0,19,10.0,7.0,5.0,33.0,19,11.0,9.0,5.0,0,0,1.4210526315789473,0.0,2.210526315789474,45.0,-0.7894736842105265,-45.0,-1.0,-2.0,0.0,-0.7894736842105265,-45.0,0
2026-01-04,Leeds,Man United,1,1,D,11,15,3,2,9,9,6,4,0,1,0,0,2025/26,21.0,19,7.0,9.0,6.0,30.0,19,8.0,11.0,8.0,1,0,,,1.105263157894737,-10.0,,,-1.0,-2.0,-2.0,0.0,0.0,0
2026-01-04,Man City,Chelsea,1,1,D,14,8,3,3,12,14,8,2,3,3,0,0,2025/26,41.0,19,13.0,11.0,1.0,30.0,19,6.0,7.0,6.0,0,0,1.868421052631579,28.0,1.8157894736842106,21.0,0.05263157894736836,7.0,7.0,4.0,-5.0,0.05263157894736836,7.0,0
2026-01-04,Newcastle,Crystal Palace,2,0,H,12,11,7,1,5,12,8,6,1,3,0,0,2025/26,26.0,19,7.0,7.0,6.0,27.0,19,4.0,4.0,10.0,0,0,1.736842105263158,21.0,1.394736842105263,0.0,0.3421052631578949,21.0,3.0,3.0,-4.0,0.3421052631578949,21.0,0
2026-01-04,Tottenham,Sunderland,1,1,D,13,10,5,3,10,6,3,5,2,3,0,0,2025/26,26.0,19,7.0,4.0,5.0,29.0,19,6.0,2.0,4.0,0,1,1.0,-1.0,,,,,1.0,2.0,1.0,0.0,0.0,0
2026-01-06,West Ham,Nott'm Forest,1,2,A,14,13,3,5,15,9,6,5,3,0,0,0,2025/26,14.0,20,1.0,4.0,12.0,18.0,20,3.0,5.0,8.0,0,0,1.131578947368421,-16.0,1.7105263157894737,12.0,-0.5789473684210527,-28.0,-2.0,-1.0,4.0,-0.5789473684210527,-28.0,0
2026-01-07,Bournemouth,Tottenham,3,2,H,11,16,3,4,19,10,3,7,3,3,0,0,2025/26,23.0,20,3.0,10.0,14.0,27.0,20,5.0,3.0,6.0,0,0,1.4736842105263157,12.0,1.0,-1.0,0.4736842105263157,13.0,-2.0,7.0,8.0,0.4736842105263157,13.0,0
2026-01-07,Brentford,Sunderland,3,0,H,18,11,6,3,13,13,7,4,2,1,0,0,2025/26,30.0,20,11.0,11.0,4.0,30.0,20,7.0,3.0,2.0,0,1,1.4736842105263157,9.0,,,,,4.0,8.0,2.0,0.0,0.0,0
2026-01-07,Burnley,Man United,2,2,D,7,30,1,10,9,8,2,6,2,0,0,0,2025/26,12.0,20,2.0,4.0,9.0,31.0,20,6.0,8.0,8.0,1,0,,,1.105263157894737,-10.0,,,-4.0,-4.0,1.0,0.0,0.0,0
2026-01-07,Crystal Palace,Aston Villa,0,0,D,11,15,5,3,8,3,3,5,2,0,0,0,2025/26,27.0,20,1.0,2.0,11.0,42.0,20,12.0,11.0,9.0,0,0,1.394736842105263,0.0,1.736842105263158,7.0,-0.3421052631578949,-7.0,-11.0,-9.0,2.0,-0.3421052631578949,-7.0,0
2026-01-07,Everton,Wolves,1,1,D,13,13,2,4,13,15,2,7,1,3,2,0,2025/26,28.0,20,4.0,4.0,7.0,6.0,20,4.0,6.0,7.0,0,0,1.263157894736842,-2.0,1.105263157894737,-15.0,0.1578947368421051,13.0,0.0,-2.0,0.0,0.1578947368421051,13.0,0
2026-01-07,Fulham,Chelsea,2,1,H,16,14,5,6,11,6,2,11,3,3,0,1,2025/26,28.0,20,11.0,8.0,5.0,31.0,20,6.0,8.0,7.0,0,0,1.4210526315789473,0.0,1.8157894736842106,21.0,-0.3947368421052633,-21.0,5.0,0.0,-2.0,-0.3947368421052633,-21.0,0
2026-01-07,Man City,Brighton,1,1,D,22,6,6,3,6,16,6,2,1,6,0,0,2025/26,42.0,20,11.0,9.0,2.0,28.0,20,5.0,5.0,6.0,0,0,1.868421052631579,28.0,1.605263157894737,7.0,0.26315789473684204,21.0,6.0,4.0,-4.0,0.26315789473684204,21.0,0
2026-01-07,Newcastle,Leeds,4,3,H,18,14,8,6,11,10,8,4,3,2,0,0,2025/26,29.0,20,7.0,7.0,5.0,22.0,20,7.0,7.0,4.0,0,1,1.736842105263158,21.0,,,,,0.0,0.0,1.0,0.0,0.0,0
2026-01-08,Arsenal,Liverpool,0,0,D,9,8,4,0,10,9,3,0,2,2,0,0,2025/26,48.0,20,15.0,12.0,5.0,34.0,20,11.0,8.0,4.0,0,0,1.9473684210526316,35.0,2.210526315789474,45.0,-0.26315789473684226,-10.0,4.0,4.0,1.0,-0.26315789473684226,-10.0,0
2026-01-17,Chelsea,Brentford,2,0,H,6,15,2,5,7,10,3,9,3,2,0,0,2025/26,31.0,21,3.0,7.0,9.0,33.0,21,13.0,13.0,3.0,0,0,1.8157894736842106,21.0,1.4736842105263157,9.0,0.3421052631578949,12.0,-10.0,-6.0,6.0,0.3421052631578949,12.0,0
2026-01-17,Leeds,Fulham,1,0,H,14,8,5,1,6,11,7,3,1,5,0,0,2025/26,22.0,21,6.0,9.0,7.0,31.0,21,11.0,7.0,4.0,1,0,,,1.4210526315789473,0.0,,,-5.0,2.0,3.0,0.0,0.0,0
2026-01-17,Liverpool,Burnley,1,1,D,32,7,11,1,8,10,9,1,1,2,0,0,2025/26,35.0,21,9.0,6.0,4.0,13.0,21,3.0,4.0,8.0,0,1,2.210526315789474,45.0,,,,,6.0,2.0,-4.0,0.0,0.0,0
2026-01-17,Man United,Man City,2,0,H,11,7,7,1,13,8,1,6,2,3,0,0,2025/26,32.0,21,6.0,6.0,6.0,43.0,21,9.0,7.0,3.0,0,0,1.105263157894737,-10.0,1.868421052631579,28.0,-0.763157894736842,-38.0,-3.0,-1.0,3.0,-0.763157894736842,-38.0,0
2026-01-17,Nott'm Forest,Arsenal,0,0,D,6,15,0,3,8,14,4,9,1,1,0,0,2025/26,21.0,21,3.0,4.0,9.0,49.0,21,13.0,10.0,4.0,0,0,1.7105263157894737,12.0,1.9473684210526316,35.0,-0.23684210526315796,-23.0,-10.0,-6.0,5.0,-0.23684210526315796,-23.0,0
2026-01-17,Sunderland,Crystal Palace,2,1,H,13,6,7,2,8,15,3,4,3,3,0,0,2025/26,30.0,21,4.0,2.0,5.0,28.0,21,2.0,2.0,8.0,1,0,,,1.394736842105263,0.0,,,2.0,0.0,-3.0,0.0,0.0,0
2026-01-17,Tottenham,West Ham,1,2,A,21,17,6,4,12,17,11,5,5,3,0,0,2025/26,27.0,21,5.0,5.0,6.0,14.0,21,1.0,3.0,11.0,0,0,1.0,-1.0,1.131578947368421,-16.0,-0.13157894736842102,15.0,4.0,2.0,-5.0,-0.13157894736842102,15.0,0
2026-01-18,Aston Villa,Everton,0,1,A,18,9,5,3,15,13,6,4,1,2,0,0,2025/26,43.0,21,10.0,8.0,7.0,29.0,21,5.0,5.0,6.0,0,0,1.736842105263158,7.0,1.263157894736842,-2.0,0.47368421052631593,9.0,5.0,3.0,1.0,0.47368421052631593,9.0,0
2026-01-18,Wolves,Newcastle,0,0,D,6,12,2,2,14,8,4,7,2,2,0,0,2025/26,7.0,21,5.0,6.0,6.0,32.0,21,10.0,11.0,7.0,0,0,1.105263157894737,-15.0,1.736842105263158,21.0,-0.631578947368421,-36.0,-5.0,-5.0,-1.0,-0.631578947368421,-36.0,0
2026-01-19,Brighton,Bournemouth,1,1,D,17,11,5,2,7,6,11,6,2,3,0,0,2025/26,29.0,21,6.0,6.0,5.0,26.0,21,5.0,9.0,12.0,0,0,1.605263157894737,7.0,1.4736842105263157,12.0,0.13157894736842124,-5.0,1.0,-3.0,-7.0,0.13157894736842124,-5.0,0
2026-01-24,Bournemouth,Liverpool,3,2,H,12,14,5,4,7,7,3,11,1,1,0,0,2025/26,27.0,22,5.0,9.0,12.0,36.0,22,7.0,5.0,4.0,0,0,1.4736842105263157,12.0,2.210526315789474,45.0,-0.7368421052631582,-33.0,-2.0,4.0,8.0,-0.7368421052631582,-33.0,0
2026-01-24,Burnley,Tottenham,2,2,D,9,18,4,11,8,9,1,3,1,0,0,0,2025/26,14.0,22,3.0,4.0,8.0,27.0,22,5.0,5.0,6.0,1,0,,,1.0,-1.0,,,-2.0,-1.0,2.0,0.0,0.0,0
2026-01-24,Fulham,Brighton,2,1,H,12,13,4,5,10,6,6,6,1,1,0,0,2025/26,31.0,22,8.0,6.0,5.0,30.0,22,6.0,7.0,6.0,0,0,1.4210526315789473,0.0,1.605263157894737,7.0,-0.1842105263157896,-7.0,2.0,-1.0,-1.0,-0.1842105263157896,-7.0,0
2026-01-24,Man City,Wolves,2,0,H,11,11,4,1,16,14,4,6,1,3,0,0,2025/26,43.0,22,6.0,4.0,5.0,8.0,22,6.0,6.0,4.0,0,0,1.868421052631579,28.0,1.105263157894737,-15.0,0.763157894736842,43.0,0.0,-2.0,1.0,0.763157894736842,43.0,0
2026-01-24,West Ham,Sunderland,3,1,H,13,7,5,2,9,16,3,3,2,4,0,0,2025/26,17.0,22,4.0,5.0,9.0,33.0,22,6.0,4.0,6.0,0,1,1.131578947368421,-16.0,,,,,-2.0,1.0,3.0,0.0,0.0,0
2026-01-25,Arsenal,Man United,2,3,A,15,10,4,3,11,9,9,2,2,0,0,0,2025/26,50.0,22,11.0,9.0,4.0,35.0,22,9.0,7.0,4.0,0,0,1.9473684210526316,35.0,1.105263157894737,-10.0,0.8421052631578947,45.0,2.0,2.0,0.0,0.8421052631578947,45.0,0
2026-01-25,Brentford,Nott'm Forest,0,2,A,10,7,1,2,11,10,6,5,1,0,0,0,2025/26,33.0,22,10.0,11.0,5.0,22.0,22,4.0,4.0,8.0,0,0,1.4736842105263157,9.0,1.7105263157894737,12.0,-0.23684210526315796,-3.0,6.0,7.0,-3.0,-0.23684210526315796,-3.0,0
2026-01-25,Crystal Palace,Chelsea,1,3,A,13,10,7,6,11,10,4,5,2,2,1,0,2025/26,28.0,22,2.0,2.0,6.0,34.0,22,5.0,7.0,7.0,0,0,1.394736842105263,0.0,1.8157894736842106,21.0,-0.42105263157894757,-21.0,-3.0,-5.0,-1.0,-0.42105263157894757,-21.0,0
2026-01-25,Newcastle,Aston Villa,0,2,A,15,14,4,8,7,12,6,5,1,2,0,0,2025/26,33.0,22,10.0,9.0,5.0,43.0,22,7.0,6.0,7.0,0,0,1.736842105263158,21.0,1.736842105263158,7.0,0.0,14.0,3.0,3.0,-2.0,0.0,14.0,0
2026-01-26,Everton,Leeds,1,1,D,10,14,3,4,9,13,4,4,0,3,0,0,2025/26,32.0,22,8.0,6.0,5.0,25.0,22,6.0,6.0,6.0,0,1,1.263157894736842,-2.0,,,,,2.0,0.0,-1.0,0.0,0.0,0
2026-01-31,Brighton,Everton,1,1,D,11,7,2,4,13,14,5,2,1,2,0,0,2025/26,30.0,23,6.0,7.0,6.0,33.0,23,8.0,7.0,6.0,0,0,1.605263157894737,7.0,1.263157894736842,-2.0,0.3421052631578949,9.0,-2.0,0.0,0.0,0.3421052631578949,9.0,0
2026-01-31,Chelsea,West Ham,3,2,H,14,11,6,6,11,13,9,3,3,2,0,1,2025/26,37.0,23,8.0,9.0,6.0,20.0,23,7.0,8.0,9.0,0,0,1.8157894736842106,21.0,1.131578947368421,-16.0,0.6842105263157896,37.0,1.0,1.0,-3.0,0.6842105263157896,37.0,0
2026-01-31,Leeds,Arsenal,0,4,A,3,14,1,8,10,7,4,12,1,1,0,0,2025/26,26.0,23,6.0,6.0,6.0,50.0,23,8.0,9.0,6.0,1,0,,,1.9473684210526316,35.0,,,-2.0,-3.0,0.0,0.0,0.0,0
2026-01-31,Liverpool,Newcastle,4,1,H,17,8,7,2,11,7,7,11,1,3,0,0,2025/26,36.0,23,4.0,5.0,6.0,33.0,23,10.0,9.0,6.0,0,0,2.210526315789474,45.0,1.736842105263158,21.0,0.47368421052631593,24.0,-6.0,-4.0,0.0,0.47368421052631593,24.0,0
2026-01-31,Wolves,Bournemouth,0,2,A,17,9,7,4,11,15,5,6,3,3,0,0,2025/26,8.0,23,6.0,5.0,4.0,30.0,23,8.0,11.0,10.0,0,0,1.105263157894737,-15.0,1.4736842105263157,12.0,-0.36842105263157876,-27.0,-2.0,-6.0,-6.0,-0.36842105263157876,-27.0,0
2026-02-01,Aston Villa,Brentford,0,1,A,27,6,5,2,8,8,12,1,0,3,0,0,2025/26,46.0,23,7.0,6.0,6.0,33.0,23,7.0,7.0,6.0,0,0,1.736842105263158,7.0,1.4736842105263157,9.0,0.26315789473684226,-2.0,0.0,-1.0,0.0,0.26315789473684226,-2.0,0
2026-02-01,Man United,Fulham,3,2,H,13,14,6,6,6,9,3,7,2,1,0,0,2025/26,38.0,23,9.0,9.0,6.0,34.0,23,8.0,7.0,6.0,0,0,1.105263157894737,-10.0,1.4210526315789473,0.0,-0.3157894736842104,-10.0,1.0,2.0,0.0,-0.3157894736842104,-10.0,0
2026-02-01,Nott'm Forest,Crystal Palace,1,1,D,9,14,1,3,4,12,5,7,1,3,0,0,2025/26,25.0,23,7.0,5.0,6.0,28.0,23,2.0,3.0,8.0,0,0,1.7105263157894737,12.0,1.394736842105263,0.0,0.3157894736842106,12.0,5.0,2.0,-2.0,0.3157894736842106,12.0,0
2026-02-01,Tottenham,Man City,2,2,D,12,15,6,3,15,12,3,4,3,3,0,0,2025/26,28.0,23,3.0,6.0,8.0,46.0,23,6.0,4.0,4.0,0,0,1.0,-1.0,1.868421052631579,28.0,-0.868421052631579,-29.0,-3.0,2.0,4.0,-0.868421052631579,-29.0,0
2026-02-02,Sunderland,Burnley,3,0,H,14,5,5,0,12,10,1,2,1,4,0,0,2025/26,33.0,23,5.0,4.0,8.0,15.0,23,3.0,6.0,10.0,1,1,,,,,,,2.0,-2.0,-2.0,0.0,0.0,0
2026-02-06,Leeds,Nott'm Forest,3,1,H,14,16,5,6,9,12,5,10,1,1,0,0,2025/26,26.0,24,5.0,6.0,10.0,26.0,24,8.0,6.0,5.0,1,0,,,1.7105263157894737,12.0,,,-3.0,0.0,5.0,0.0,0.0,0
2026-02-07,Arsenal,Sunderland,3,0,H,16,5,5,3,11,8,5,2,1,2,0,0,2025/26,53.0,24,8.0,9.0,5.0,36.0,24,7.0,7.0,8.0,0,1,1.9473684210526316,35.0,,,,,1.0,2.0,-3.0,0.0,0.0,0
2026-02-07,Bournemouth,Aston Villa,1,1,D,20,7,9,4,4,11,11,4,1,1,0,0,2025/26,33.0,24,10.0,11.0,8.0,46.0,24,7.0,5.0,3.0,0,0,1.4736842105263157,12.0,1.736842105263158,7.0,-0.26315789473684226,5.0,3.0,6.0,5.0,-0.26315789473684226,5.0,0
2026-02-07,Burnley,West Ham,0,2,A,18,6,5,4,11,10,5,2,3,1,0,0,2025/26,15.0,24,3.0,5.0,10.0,20.0,24,6.0,8.0,10.0,1,0,,,1.131578947368421,-16.0,,,-3.0,-3.0,0.0,0.0,0.0,0
2026-02-07,Fulham,Everton,1,2,A,13,16,3,3,11,12,6,6,1,5,0,0,2025/26,34.0,24,7.0,8.0,8.0,34.0,24,6.0,6.0,7.0,0,0,1.4210526315789473,0.0,1.263157894736842,-2.0,0.1578947368421053,2.0,1.0,2.0,1.0,0.1578947368421053,2.0,0
2026-02-07,Man United,Tottenham,2,0,H,23,7,10,1,12,11,7,0,1,2,0,1,2025/26,41.0,24,11.0,11.0,7.0,29.0,24,3.0,8.0,10.0,0,0,1.105263157894737,-10.0,1.0,-1.0,0.10526315789473695,-9.0,8.0,3.0,-3.0,0.10526315789473695,-9.0,0
2026-02-07,Newcastle,Brentford,2,3,A,16,11,4,5,14,18,9,3,2,2,0,0,2025/26,33.0,24,7.0,7.0,9.0,36.0,24,9.0,8.0,6.0,0,0,1.736842105263158,21.0,1.4736842105263157,9.0,0.26315789473684226,12.0,-2.0,-1.0,3.0,0.26315789473684226,12.0,0
2026-02-07,Wolves,Chelsea,1,3,A,11,15,3,6,9,10,3,4,1,1,0,0,2025/26,8.0,24,5.0,4.0,5.0,40.0,24,10.0,10.0,6.0,0,0,1.105263157894737,-15.0,1.8157894736842106,21.0,-0.7105263157894737,-36.0,-5.0,-6.0,-1.0,-0.7105263157894737,-36.0,0
2026-02-08,Brighton,Crystal Palace,0,1,A,7,7,2,4,12,9,3,4,1,3,0,0,2025/26,31.0,24,6.0,6.0,5.0,29.0,24,2.0,3.0,8.0,0,0,1.605263157894737,7.0,1.394736842105263,0.0,0.2105263157894739,7.0,4.0,3.0,-3.0,0.2105263157894739,7.0,0
2026-02-08,Liverpool,Man City,1,2,A,15,17,4,7,13,16,5,4,2,4,1,0,2025/26,39.0,24,6.0,9.0,7.0,47.0,24,6.0,6.0,6.0,0,0,2.210526315789474,45.0,1.868421052631579,28.0,0.3421052631578949,17.0,0.0,3.0,1.0,0.3421052631578949,17.0,0
2026-02-10,Chelsea,Leeds,2,2,D,19,4,4,2,9,13,4,1,4,4,0,0,2025/26,43.0,25,12.0,12.0,6.0,29.0,25,7.0,8.0,10.0,0,1,1.8157894736842106,21.0,,,,,5.0,4.0,-4.0,0.0,0.0,0
2026-02-10,Everton,Bournemouth,1,2,A,16,11,6,4,14,15,7,2,1,3,1,0,2025/26,37.0,25,9.0,6.0,4.0,34.0,25,11.0,10.0,6.0,0,0,1.263157894736842,-2.0,1.4736842105263157,12.0,-0.21052631578947367,-14.0,-2.0,-4.0,-2.0,-0.21052631578947367,-14.0,0
2026-02-10,Tottenham,Newcastle,1,2,A,16,21,2,5,15,11,2,12,3,2,0,0,2025/26,29.0,25,2.0,7.0,11.0,33.0,25,4.0,7.0,12.0,0,0,1.0,-1.0,1.736842105263158,21.0,-0.736842105263158,-22.0,-2.0,0.0,-1.0,-0.736842105263158,-22.0,0
2026-02-10,West Ham,Man United,1,1,D,7,9,3,3,10,4,5,3,1,1,0,0,2025/26,23.0,25,9.0,10.0,7.0,44.0,25,13.0,12.0,6.0,0,0,1.131578947368421,-16.0,1.105263157894737,-10.0,0.02631578947368407,-6.0,-4.0,-2.0,1.0,0.02631578947368407,-6.0,0
2026-02-11,Aston Villa,Brighton,1,0,H,15,9,1,3,9,15,7,5,2,3,0,0,2025/26,47.0,25,5.0,3.0,3.0,31.0,25,3.0,4.0,6.0,0,0,1.736842105263158,7.0,1.605263157894737,7.0,0.13157894736842102,0.0,2.0,-1.0,-3.0,0.13157894736842102,0.0,0
2026-02-11,Crystal Palace,Burnley,2,3,A,21,8,3,3,11,8,8,2,2,1,0,0,2025/26,32.0,25,5.0,4.0,6.0,15.0,25,3.0,5.0,10.0,0,1,1.394736842105263,0.0,,,,,2.0,-1.0,-4.0,0.0,0.0,0
2026-02-11,Man City,Fulham,3,0,H,13,14,5,3,8,10,4,4,3,1,0,0,2025/26,50.0,25,8.0,7.0,6.0,34.0,25,6.0,7.0,8.0,0,0,1.868421052631579,28.0,1.4210526315789473,0.0,0.44736842105263164,28.0,2.0,0.0,-2.0,0.44736842105263164,28.0,0
2026-02-11,Nott'm Forest,Wolves,0,0,D,35,7,10,3,12,13,8,2,0,2,0,0,2025/26,26.0,25,8.0,6.0,5.0,8.0,25,2.0,2.0,8.0,0,0,1.7105263157894737,12.0,1.105263157894737,-15.0,0.6052631578947367,27.0,6.0,4.0,-3.0,0.6052631578947367,27.0,0
2026-02-11,Sunderland,Liverpool,0,1,A,11,23,2,3,8,10,3,11,1,0,0,0,2025/26,36.0,25,6.0,6.0,10.0,39.0,25,5.0,8.0,7.0,1,0,,,2.210526315789474,45.0,,,1.0,-2.0,3.0,0.0,0.0,0
2026-02-12,Brentford,Arsenal,1,1,D,12,7,3,2,12,11,6,4,3,2,0,0,2025/26,39.0,25,9.0,7.0,6.0,56.0,25,8.0,9.0,3.0,0,0,1.4736842105263157,9.0,1.9473684210526316,35.0,-0.47368421052631593,-26.0,1.0,-2.0,3.0,-0.47368421052631593,-26.0,0
2026-02-18,Wolves,Arsenal,2,2,D,5,10,2,4,6,8,1,3,2,1,0,0,2025/26,9.0,26,2.0,1.0,7.0,57.0,26,8.0,10.0,4.0,0,0,1.105263157894737,-15.0,1.9473684210526316,35.0,-0.8421052631578947,-50.0,-6.0,-9.0,3.0,-0.8421052631578947,-50.0,0
2026-02-21,Aston Villa,Leeds,1,1,D,16,14,4,4,11,16,7,2,1,4,0,0,2025/26,50.0,26,7.0,4.0,3.0,30.0,26,8.0,7.0,8.0,0,1,1.736842105263158,7.0,,,,,-1.0,-3.0,-5.0,0.0,0.0,0
2026-02-21,Brentford,Brighton,0,2,A,13,11,3,7,9,14,6,4,1,2,0,0,2025/26,40.0,26,7.0,5.0,7.0,31.0,26,2.0,3.0,6.0,0,0,1.4736842105263157,9.0,1.605263157894737,7.0,-0.13157894736842124,2.0,5.0,2.0,1.0,-0.13157894736842124,2.0,0
2026-02-21,Chelsea,Burnley,1,1,D,12,12,2,4,13,11,9,5,2,2,1,0,2025/26,44.0,26,13.0,13.0,6.0,18.0,26,5.0,6.0,10.0,0,1,1.8157894736842106,21.0,,,,,8.0,7.0,-4.0,0.0,0.0,0
2026-02-21,Man City,Newcastle,2,1,H,15,13,7,7,12,13,5,5,2,5,0,0,2025/26,53.0,26,10.0,9.0,5.0,36.0,26,4.0,5.0,10.0,0,0,1.868421052631579,28.0,1.736842105263158,21.0,0.13157894736842102,7.0,6.0,4.0,-5.0,0.13157894736842102,7.0,0
2026-02-21,West Ham,Bournemouth,0,0,D,20,10,3,5,10,11,9,5,1,1,0,0,2025/26,24.0,26,10.0,10.0,6.0,37.0,26,11.0,9.0,5.0,0,0,1.131578947368421,-16.0,1.4736842105263157,12.0,-0.3421052631578947,-28.0,-1.0,1.0,1.0,-0.3421052631578947,-28.0,0
2026-02-22,Crystal Palace,Wolves,1,0,H,14,12,3,7,19,13,7,3,5,1,0,1,2025/26,32.0,26,4.0,6.0,9.0,10.0,27,2.0,3.0,9.0,0,0,1.394736842105263,0.0,1.105263157894737,-15.0,0.2894736842105261,15.0,2.0,3.0,0.0,0.2894736842105261,15.0,-1
2026-02-22,Nott'm Forest,Liverpool,0,1,A,18,10,2,4,13,9,7,2,2,0,0,0,2025/26,27.0,26,6.0,4.0,4.0,42.0,26,7.0,9.0,7.0,0,0,1.7105263157894737,12.0,2.210526315789474,45.0,-0.5000000000000002,-33.0,-1.0,-5.0,-3.0,-0.5000000000000002,-33.0,0
2026-02-22,Sunderland,Fulham,1,3,A,12,12,2,4,6,13,6,4,1,1,0,0,2025/26,36.0,26,6.0,6.0,8.0,34.0,26,3.0,5.0,10.0,1,0,,,1.4210526315789473,0.0,,,3.0,1.0,-2.0,0.0,0.0,0
2026-02-22,Tottenham,Arsenal,1,4,A,6,20,5,7,17,11,2,5,2,1,0,0,2025/26,29.0,26,2.0,6.0,10.0,58.0,27,8.0,12.0,6.0,0,0,1.0,-1.0,1.9473684210526316,35.0,-0.9473684210526316,-36.0,-6.0,-6.0,4.0,-0.9473684210526316,-36.0,-1
2026-02-23,Everton,Man United,0,1,A,12,11,4,3,12,7,10,1,2,3,0,0,2025/26,37.0,26,8.0,6.0,5.0,45.0,26,13.0,11.0,5.0,0,0,1.263157894736842,-2.0,1.105263157894737,-10.0,0.1578947368421051,8.0,-5.0,-5.0,0.0,0.1578947368421051,8.0,0
2026-02-27,Wolves,Aston Villa,2,0,H,9,14,2,5,13,19,0,5,3,3,0,0,2025/26,10.0,28,2.0,3.0,8.0,51.0,27,8.0,5.0,3.0,0,0,1.105263157894737,-15.0,1.736842105263158,7.0,-0.631578947368421,-22.0,-6.0,-2.0,5.0,-0.631578947368421,-22.0,1
2026-02-28,Bournemouth,Sunderland,1,1,D,21,8,5,4,15,12,7,3,4,2,0,0,2025/26,38.0,27,11.0,8.0,4.0,36.0,27,3.0,5.0,10.0,0,1,1.4736842105263157,12.0,,,,,8.0,3.0,-6.0,0.0,0.0,0
2026-02-28,Burnley,Brentford,3,4,A,12,16,3,7,9,9,4,8,2,2,0,0,2025/26,19.0,27,5.0,6.0,10.0,40.0,27,7.0,5.0,7.0,1,0,,,1.4736842105263157,9.0,,,-2.0,1.0,3.0,0.0,0.0,0
2026-02-28,Leeds,Man City,0,1,A,14,14,2,5,10,8,5,3,0,3,0,0,2025/26,31.0,27,6.0,7.0,9.0,56.0,27,13.0,11.0,4.0,1,0,,,1.868421052631579,28.0,,,-7.0,-4.0,5.0,0.0,0.0,0
2026-02-28,Liverpool,West Ham,5,2,H,18,11,7,4,12,11,10,5,2,2,0,0,2025/26,45.0,27,9.0,9.0,6.0,25.0,27,8.0,8.0,5.0,0,0,2.210526315789474,45.0,1.131578947368421,-16.0,1.0789473684210529,61.0,1.0,1.0,1.0,1.0789473684210529,61.0,0
2026-02-28,Newcastle,Everton,2,3,A,17,9,7,5,15,7,7,2,2,3,0,0,2025/26,36.0,27,3.0,6.0,12.0,37.0,27,5.0,5.0,6.0,0,0,1.736842105263158,21.0,1.263157894736842,-2.0,0.47368421052631593,23.0,-2.0,1.0,6.0,0.47368421052631593,23.0,0
2026-03-01,Arsenal,Chelsea,2,1,H,12,9,5,3,11,14,5,10,1,3,0,1,2025/26,61.0,28,11.0,14.0,4.0,45.0,27,11.0,12.0,7.0,0,0,1.9473684210526316,35.0,1.8157894736842106,21.0,0.13157894736842102,14.0,0.0,2.0,-3.0,0.13157894736842102,14.0,1
2026-03-01,Brighton,Nott'm Forest,2,1,H,14,13,7,4,12,13,4,4,3,1,0,0,2025/26,34.0,27,4.0,4.0,5.0,27.0,27,5.0,4.0,5.0,0,0,1.605263157894737,7.0,1.7105263157894737,12.0,-0.10526315789473673,-5.0,-1.0,0.0,0.0,-0.10526315789473673,-5.0,0
2026-03-01,Fulham,Tottenham,2,1,H,18,13,4,1,11,14,5,8,3,3,0,0,2025/26,37.0,27,6.0,8.0,10.0,29.0,27,2.0,6.0,12.0,0,0,1.4210526315789473,0.0,1.0,-1.0,0.42105263157894735,1.0,4.0,2.0,-2.0,0.42105263157894735,1.0,0
2026-03-01,Man United,Crystal Palace,2,1,H,20,8,11,3,13,12,7,1,2,2,0,1,2025/26,48.0,27,13.0,10.0,5.0,35.0,27,7.0,6.0,7.0,0,0,1.105263157894737,-10.0,1.394736842105263,0.0,-0.2894736842105261,-10.0,6.0,4.0,-2.0,-0.2894736842105261,-10.0,0
2026-03-03,Bournemouth,Brentford,0,0,D,13,5,2,2,9,10,4,3,2,1,0,0,2025/26,39.0,28,9.0,6.0,3.0,43.0,28,10.0,9.0,8.0,0,0,1.4736842105263157,12.0,1.4736842105263157,9.0,0.0,3.0,-1.0,-3.0,-5.0,0.0,3.0,0
2026-03-03,Everton,Burnley,2,0,H,14,5,5,2,10,12,6,3,0,1,0,0,2025/26,40.0,28,7.0,7.0,7.0,19.0,28,4.0,7.0,12.0,0,1,1.263157894736842,-2.0,,,,,3.0,0.0,-5.0,0.0,0.0,0
2026-03-03,Leeds,Sunderland,0,1,A,18,3,4,1,15,19,9,2,1,3,0,0,2025/26,31.0,28,5.0,6.0,9.0,37.0,28,4.0,5.0,8.0,1,1,,,,,,,1.0,1.0,1.0,0.0,0.0,0
2026-03-03,Wolves,Liverpool,2,1,H,4,19,3,7,10,13,2,11,2,1,0,0,2025/26,13.0,29,5.0,5.0,6.0,48.0,28,12.0,12.0,5.0,0,0,1.105263157894737,-15.0,2.210526315789474,45.0,-1.105263157894737,-60.0,-7.0,-7.0,1.0,-1.105263157894737,-60.0,1
2026-03-04,Aston Villa,Chelsea,1,4,A,9,15,4,8,10,9,3,8,3,2,0,0,2025/26,51.0,28,5.0,3.0,5.0,45.0,28,8.0,10.0,8.0,0,0,1.736842105263158,7.0,1.8157894736842106,21.0,-0.07894736842105265,-14.0,-3.0,-7.0,-3.0,-0.07894736842105265,-14.0,0
2026-03-04,Brighton,Arsenal,0,1,A,11,7,3,2,14,12,4,3,4,1,0,0,2025/26,37.0,28,7.0,5.0,4.0,64.0,29,11.0,12.0,5.0,0,0,1.605263157894737,7.0,1.9473684210526316,35.0,-0.3421052631578947,-28.0,-4.0,-7.0,-1.0,-0.3421052631578947,-28.0,-1
2026-03-04,Fulham,West Ham,0,1,A,13,9,5,3,14,12,7,5,2,4,0,0,2025/26,40.0,28,6.0,8.0,10.0,25.0,28,5.0,7.0,9.0,0,0,1.4210526315789473,0.0,1.131578947368421,-16.0,0.2894736842105263,16.0,1.0,1.0,1.0,0.2894736842105263,16.0,0
2026-03-04,Man City,Nott'm Forest,2,2,D,21,9,7,4,10,6,6,1,0,4,0,0,2025/26,59.0,28,13.0,10.0,4.0,27.0,28,2.0,3.0,7.0,0,0,1.868421052631579,28.0,1.7105263157894737,12.0,0.1578947368421053,16.0,11.0,7.0,-3.0,0.1578947368421053,16.0,0
2026-03-04,Newcastle,Man United,2,1,H,12,14,5,5,15,16,2,4,2,3,1,0,2025/26,36.0,28,3.0,8.0,13.0,51.0,28,13.0,9.0,4.0,0,0,1.736842105263158,21.0,1.105263157894737,-10.0,0.631578947368421,31.0,-10.0,-1.0,9.0,0.631578947368421,31.0,0
2026-03-05,Tottenham,Crystal Palace,1,3,A,12,9,4,4,14,14,6,3,3,2,0,0,2025/26,29.0,28,1.0,5.0,12.0,35.0,28,7.0,6.0,6.0,0,0,1.0,-1.0,1.394736842105263,0.0,-0.39473684210526305,-1.0,-6.0,-1.0,6.0,-0.39473684210526305,-1.0,0
2026-03-14,Arsenal,Everton,2,0,H,25,9,7,3,11,12,8,3,0,0,0,0,2025/26,67.0,30,11.0,10.0,5.0,43.0,29,9.0,8.0,6.0,0,0,1.9473684210526316,35.0,1.263157894736842,-2.0,0.6842105263157896,37.0,2.0,2.0,-1.0,0.6842105263157896,37.0,1
2026-03-14,Burnley,Bournemouth,0,0,D,15,22,2,3,11,5,5,8,1,0,0,0,2025/26,19.0,29,4.0,7.0,11.0,40.0,29,7.0,4.0,3.0,1,0,,,1.4736842105263157,12.0,,,-3.0,3.0,8.0,0.0,0.0,0
2026-03-14,Chelsea,Newcastle,0,1,A,22,7,3,5,9,10,8,1,2,2,0,0,2025/26,48.0,29,8.0,11.0,7.0,39.0,29,6.0,9.0,10.0,0,0,1.8157894736842106,21.0,1.736842105263158,21.0,0.07894736842105265,0.0,2.0,2.0,-3.0,0.07894736842105265,0.0,0
2026-03-14,Sunderland,Brighton,0,1,A,14,12,4,4,7,12,7,3,1,2,0,0,2025/26,40.0,29,4.0,3.0,8.0,37.0,29,6.0,4.0,4.0,1,0,,,1.605263157894737,7.0,,,-2.0,-1.0,4.0,0.0,0.0,0
2026-03-14,West Ham,Man City,1,1,D,1,24,1,6,14,5,1,15,2,2,0,0,2025/26,28.0,29,8.0,6.0,6.0,60.0,29,13.0,10.0,4.0,0,0,1.131578947368421,-16.0,1.868421052631579,28.0,-0.736842105263158,-44.0,-5.0,-4.0,2.0,-0.736842105263158,-44.0,0
2026-03-15,Crystal Palace,Leeds,0,0,D,12,10,0,3,12,11,8,3,2,1,0,1,2025/26,38.0,29,9.0,8.0,6.0,31.0,29,5.0,6.0,6.0,0,1,1.394736842105263,0.0,,,,,4.0,2.0,0.0,0.0,0.0,0
2026-03-15,Liverpool,Tottenham,1,1,D,17,13,4,7,8,13,3,4,0,0,0,0,2025/26,48.0,29,9.0,9.0,6.0,29.0,29,0.0,4.0,13.0,0,0,2.210526315789474,45.0,1.0,-1.0,1.210526315789474,46.0,9.0,5.0,-7.0,1.210526315789474,46.0,0
2026-03-15,Man United,Aston Villa,3,1,H,16,9,6,2,10,5,6,6,3,2,0,0,2025/26,51.0,29,10.0,7.0,4.0,51.0,29,5.0,4.0,8.0,0,0,1.105263157894737,-10.0,1.736842105263158,7.0,-0.631578947368421,-17.0,5.0,3.0,-4.0,-0.631578947368421,-17.0,0
2026-03-15,Nott'm Forest,Fulham,0,0,D,11,5,2,0,8,10,5,4,2,3,0,0,2025/26,28.0,29,2.0,4.0,8.0,40.0,29,6.0,6.0,8.0,0,0,1.7105263157894737,12.0,1.4210526315789473,0.0,0.2894736842105263,12.0,-4.0,-2.0,0.0,0.2894736842105263,12.0,0
2026-03-16,Brentford,Wolves,2,2,D,10,13,3,4,12,10,1,5,2,4,0,0,2025/26,44.0,29,8.0,8.0,8.0,16.0,30,8.0,6.0,4.0,0,0,1.4736842105263157,9.0,1.105263157894737,-15.0,0.36842105263157876,24.0,0.0,2.0,4.0,0.36842105263157876,24.0,-1
2026-03-20,Bournemouth,Man United,2,2,D,16,14,5,5,10,9,6,8,2,2,0,1,2025/26,41.0,30,7.0,3.0,2.0,54.0,30,10.0,8.0,5.0,0,0,1.4736842105263157,12.0,1.105263157894737,-10.0,0.36842105263157876,22.0,-3.0,-5.0,-3.0,0.36842105263157876,22.0,0
2026-03-21,Brighton,Liverpool,2,1,H,16,12,7,5,11,11,4,8,5,5,0,0,2025/26,40.0,30,9.0,5.0,3.0,49.0,30,10.0,9.0,5.0,0,0,1.605263157894737,7.0,2.210526315789474,45.0,-0.605263157894737,-38.0,-1.0,-4.0,-2.0,-0.605263157894737,-38.0,0
2026-03-21,Everton,Chelsea,3,0,H,10,12,9,4,6,7,3,9,0,2,0,0,2025/26,43.0,30,6.0,6.0,7.0,48.0,30,5.0,8.0,7.0,0,0,1.263157894736842,-2.0,1.8157894736842106,21.0,-0.5526315789473686,-23.0,1.0,-2.0,0.0,-0.5526315789473686,-23.0,0
2026-03-21,Fulham,Burnley,3,1,H,22,9,6,5,6,9,6,6,2,2,0,1,2025/26,41.0,30,7.0,5.0,6.0,20.0,30,5.0,7.0,9.0,0,1,1.4210526315789473,0.0,,,,,2.0,-2.0,-3.0,0.0,0.0,0
2026-03-21,Leeds,Brentford,0,0,D,14,6,4,2,6,9,6,2,2,0,0,0,2025/26,32.0,30,3.0,3.0,5.0,45.0,30,6.0,7.0,8.0,1,0,,,1.4736842105263157,9.0,,,-3.0,-4.0,-3.0,0.0,0.0,0
2026-03-22,Aston Villa,West Ham,2,0,H,23,9,7,1,3,7,6,6,0,1,0,0,2025/26,51.0,30,4.0,4.0,10.0,29.0,30,6.0,5.0,7.0,0,0,1.736842105263158,7.0,1.131578947368421,-16.0,0.605263157894737,23.0,-2.0,-1.0,3.0,0.605263157894737,23.0,0
2026-03-22,Newcastle,Sunderland,1,2,A,16,17,4,7,8,19,9,5,1,6,0,0,2025/26,42.0,30,9.0,8.0,7.0,40.0,30,4.0,3.0,6.0,0,1,1.736842105263158,21.0,,,,,5.0,5.0,1.0,0.0,0.0,0
2026-03-22,Tottenham,Nott'm Forest,0,3,A,14,8,3,7,13,13,13,3,1,2,0,0,2025/26,30.0,30,1.0,5.0,12.0,29.0,30,3.0,3.0,5.0,0,0,1.0,-1.0,1.7105263157894737,12.0,-0.7105263157894737,-13.0,-2.0,2.0,7.0,-0.7105263157894737,-13.0,0
2026-04-10,West Ham,Wolves,4,0,H,18,14,7,3,11,7,5,2,2,2,0,0,2025/26,29.0,31,5.0,4.0,8.0,17.0,31,8.0,8.0,6.0,0,0,1.131578947368421,-16.0,1.105263157894737,-15.0,0.02631578947368407,-1.0,-3.0,-4.0,2.0,0.02631578947368407,-1.0,0
2026-04-11,Arsenal,Bournemouth,1,2,A,15,8,3,3,12,18,10,1,1,3,0,0,2025/26,70.0,31,13.0,11.0,4.0,42.0,31,5.0,3.0,3.0,0,0,1.9473684210526316,35.0,1.4736842105263157,12.0,0.47368421052631593,23.0,8.0,8.0,1.0,0.47368421052631593,23.0,0
2026-04-11,Brentford,Everton,2,2,D,17,14,4,7,6,7,2,3,0,2,0,0,2025/26,46.0,31,6.0,6.0,7.0,46.0,31,9.0,8.0,5.0,0,0,1.4736842105263157,9.0,1.263157894736842,-2.0,0.21052631578947367,11.0,-3.0,-2.0,2.0,0.21052631578947367,11.0,0
2026-04-11,Burnley,Brighton,0,2,A,10,13,5,6,7,11,8,2,2,1,0,0,2025/26,20.0,31,2.0,5.0,10.0,43.0,31,12.0,7.0,3.0,1,0,,,1.605263157894737,7.0,,,-10.0,-2.0,7.0,0.0,0.0,0
2026-04-11,Liverpool,Fulham,2,0,H,18,19,5,4,10,4,6,9,0,0,0,0,2025/26,49.0,31,7.0,9.0,7.0,44.0,31,10.0,8.0,4.0,0,0,2.210526315789474,45.0,1.4210526315789473,0.0,0.7894736842105265,45.0,-3.0,1.0,3.0,0.7894736842105265,45.0,0
2026-04-12,Chelsea,Man City,0,3,A,12,18,3,8,10,14,4,12,3,1,0,0,2025/26,48.0,31,4.0,6.0,8.0,61.0,30,11.0,9.0,4.0,0,0,1.8157894736842106,21.0,1.868421052631579,28.0,-0.05263157894736836,-7.0,-7.0,-3.0,4.0,-0.05263157894736836,-7.0,1
2026-04-12,Crystal Palace,Newcastle,2,1,H,11,7,5,3,17,12,2,4,0,3,0,0,2025/26,39.0,30,7.0,7.0,6.0,42.0,31,6.0,7.0,8.0,0,0,1.394736842105263,0.0,1.736842105263158,21.0,-0.3421052631578949,-21.0,1.0,0.0,-2.0,-0.3421052631578949,-21.0,-1
2026-04-12,Nott'm Forest,Aston Villa,1,1,D,15,12,4,5,15,10,7,3,2,2,0,0,2025/26,32.0,31,5.0,6.0,5.0,54.0,31,4.0,5.0,10.0,0,0,1.7105263157894737,12.0,1.736842105263158,7.0,-0.026315789473684292,5.0,1.0,1.0,-5.0,-0.026315789473684292,5.0,0
2026-04-12,Sunderland,Tottenham,1,0,H,13,11,2,7,14,15,2,6,3,3,0,0,2025/26,43.0,31,7.0,5.0,6.0,30.0,31,1.0,4.0,13.0,1,0,,,1.0,-1.0,,,6.0,1.0,-7.0,0.0,0.0,0
2026-04-13,Man United,Leeds,1,2,A,20,15,9,6,12,15,11,4,3,2,1,0,2025/26,55.0,31,10.0,9.0,6.0,33.0,31,3.0,1.0,3.0,0,1,1.105263157894737,-10.0,,,,,7.0,8.0,3.0,0.0,0.0,0
2026-04-18,Brentford,Fulham,0,0,D,13,11,4,0,8,13,9,3,0,1,0,0,2025/26,47.0,32,7.0,8.0,7.0,44.0,32,7.0,5.0,5.0,0,0,1.4736842105263157,9.0,1.4210526315789473,0.0,0.05263157894736836,9.0,0.0,3.0,2.0,0.05263157894736836,9.0,0
2026-04-18,Chelsea,Man United,0,1,A,21,4,3,1,12,13,7,1,1,3,0,0,2025/26,48.0,32,3.0,5.0,10.0,55.0,32,7.0,9.0,8.0,0,0,1.8157894736842106,21.0,1.105263157894737,-10.0,0.7105263157894737,31.0,-4.0,-4.0,2.0,0.7105263157894737,31.0,0
2026-04-18,Leeds,Wolves,3,0,H,17,7,6,2,9,17,5,6,2,1,0,0,2025/26,36.0,32,5.0,2.0,3.0,17.0,32,7.0,6.0,8.0,1,0,,,1.105263157894737,-15.0,,,-2.0,-4.0,-5.0,0.0,0.0,0
2026-04-18,Newcastle,Bournemouth,1,2,A,12,12,3,3,11,12,2,3,2,4,0,0,2025/26,42.0,32,6.0,7.0,8.0,45.0,32,7.0,5.0,4.0,0,0,1.736842105263158,21.0,1.4736842105263157,12.0,0.26315789473684226,9.0,-1.0,2.0,4.0,0.26315789473684226,9.0,0
2026-04-18,Tottenham,Brighton,2,2,D,13,10,6,3,14,14,7,5,3,1,0,0,2025/26,30.0,32,1.0,3.0,10.0,46.0,32,12.0,7.0,3.0,0,0,1.0,-1.0,1.605263157894737,7.0,-0.605263157894737,-8.0,-11.0,-4.0,7.0,-0.605263157894737,-8.0,0
2026-04-19,Aston Villa,Sunderland,4,3,H,15,10,7,7,11,11,4,5,1,3,0,0,2025/26,55.0,32,4.0,5.0,10.0,46.0,32,10.0,5.0,3.0,0,1,1.736842105263158,7.0,,,,,-6.0,0.0,7.0,0.0,0.0,0
2026-04-19,Everton,Liverpool,1,2,A,10,14,4,6,8,12,1,6,2,0,0,0,2025/26,47.0,32,10.0,10.0,6.0,52.0,32,7.0,10.0,7.0,0,0,1.263157894736842,-2.0,2.210526315789474,45.0,-0.9473684210526319,-47.0,3.0,0.0,-1.0,-0.9473684210526319,-47.0,0
2026-04-19,Man City,Arsenal,2,1,H,15,9,5,3,5,12,8,5,2,2,0,0,2025/26,64.0,31,11.0,9.0,4.0,70.0,32,12.0,10.0,4.0,0,0,1.868421052631579,28.0,1.9473684210526316,35.0,-0.07894736842105265,-7.0,-1.0,-1.0,0.0,-0.07894736842105265,-7.0,-1
2026-04-19,Nott'm Forest,Burnley,4,1,H,10,4,4,3,8,12,4,4,0,2,0,0,2025/26,33.0,32,6.0,7.0,5.0,20.0,32,1.0,4.0,11.0,0,1,1.7105263157894737,12.0,,,,,5.0,3.0,-6.0,0.0,0.0,0
2026-04-20,Crystal Palace,West Ham,0,0,D,9,9,1,4,13,12,4,6,2,1,0,0,2025/26,42.0,31,10.0,7.0,4.0,32.0,32,7.0,8.0,8.0,0,0,1.394736842105263,0.0,1.131578947368421,-16.0,0.26315789473684204,16.0,3.0,-1.0,-4.0,0.26315789473684204,16.0,-1
2026-04-21,Brighton,Chelsea,3,0,H,15,6,9,0,15,6,6,5,1,1,0,0,2025/26,47.0,33,10.0,7.0,4.0,48.0,33,3.0,4.0,9.0,0,0,1.605263157894737,7.0,1.8157894736842106,21.0,-0.21052631578947367,-14.0,7.0,3.0,-5.0,-0.21052631578947367,-14.0,0
2026-04-22,Bournemouth,Leeds,2,2,D,17,10,7,3,6,10,12,1,3,0,0,0,2025/26,48.0,33,9.0,6.0,4.0,39.0,33,8.0,5.0,2.0,0,1,1.4736842105263157,12.0,,,,,1.0,1.0,2.0,0.0,0.0,0
2026-04-22,Burnley,Man City,0,1,A,9,28,1,9,10,12,3,11,0,0,0,0,2025/26,20.0,33,1.0,2.0,11.0,67.0,32,11.0,9.0,4.0,1,0,,,1.868421052631579,28.0,,,-10.0,-7.0,7.0,0.0,0.0,1
2026-04-24,Sunderland,Nott'm Forest,0,5,A,14,10,4,6,13,15,3,6,2,5,0,0,2025/26,46.0,33,9.0,7.0,6.0,36.0,33,9.0,10.0,4.0,1,0,,,1.7105263157894737,12.0,,,0.0,-3.0,2.0,0.0,0.0,0
2026-04-25,Arsenal,Newcastle,1,0,H,11,13,4,3,13,10,7,2,2,2,0,0,2025/26,70.0,33,9.0,7.0,5.0,42.0,33,6.0,6.0,7.0,0,0,1.9473684210526316,35.0,1.736842105263158,21.0,0.21052631578947367,14.0,3.0,1.0,-2.0,0.21052631578947367,14.0,0
2026-04-25,Fulham,Aston Villa,1,0,H,13,10,6,1,14,12,2,5,2,2,0,0,2025/26,45.0,33,5.0,3.0,4.0,58.0,33,7.0,9.0,11.0,0,0,1.4210526315789473,0.0,1.736842105263158,7.0,-0.3157894736842106,-7.0,-2.0,-6.0,-7.0,-0.3157894736842106,-7.0,0
2026-04-25,Liverpool,Crystal Palace,3,1,H,9,14,3,7,10,10,5,8,1,3,0,0,2025/26,55.0,33,7.0,7.0,6.0,43.0,32,8.0,6.0,4.0,0,0,2.210526315789474,45.0,1.394736842105263,0.0,0.8157894736842108,45.0,-1.0,1.0,2.0,0.8157894736842108,45.0,1
2026-04-25,West Ham,Everton,2,1,H,10,11,3,3,9,11,3,4,3,4,0,0,2025/26,33.0,33,8.0,6.0,3.0,47.0,33,7.0,8.0,6.0,0,0,1.131578947368421,-16.0,1.263157894736842,-2.0,-0.13157894736842102,-14.0,1.0,-2.0,-3.0,-0.13157894736842102,-14.0,0
2026-04-25,Wolves,Tottenham,0,1,A,11,11,2,2,8,14,5,5,3,4,0,0,2025/26,17.0,33,7.0,6.0,10.0,31.0,33,2.0,4.0,10.0,0,0,1.105263157894737,-15.0,1.0,-1.0,0.10526315789473695,-14.0,5.0,2.0,0.0,0.10526315789473695,-14.0,0
2026-04-27,Man United,Brentford,2,1,H,11,12,6,4,6,9,7,8,2,4,0,0,2025/26,58.0,33,7.0,8.0,7.0,48.0,33,5.0,4.0,4.0,0,0,1.105263157894737,-10.0,1.4736842105263157,9.0,-0.36842105263157876,-19.0,2.0,4.0,3.0,-0.36842105263157876,-19.0,0
2026-05-01,Leeds,Burnley,3,1,H,18,9,8,3,12,11,5,0,4,3,0,0,2025/26,40.0,34,9.0,7.0,3.0,20.0,34,1.0,2.0,10.0,1,1,,,,,,,8.0,5.0,-7.0,0.0,0.0,0
2026-05-02,Arsenal,Fulham,3,0,H,18,10,9,1,7,12,3,4,0,1,0,0,2025/26,73.0,34,9.0,6.0,4.0,48.0,34,8.0,4.0,3.0,0,0,1.9473684210526316,35.0,1.4210526315789473,0.0,0.5263157894736843,35.0,1.0,2.0,1.0,0.5263157894736843,35.0,0
2026-05-02,Brentford,West Ham,3,0,H,14,13,6,4,8,12,2,6,1,3,0,0,2025/26,48.0,34,4.0,5.0,6.0,36.0,34,8.0,7.0,4.0,0,0,1.4736842105263157,9.0,1.131578947368421,-16.0,0.3421052631578947,25.0,-4.0,-2.0,2.0,0.3421052631578947,25.0,0
2026-05-02,Newcastle,Brighton,3,1,H,13,13,6,4,10,12,2,10,3,3,0,0,2025/26,42.0,34,3.0,4.0,7.0,50.0,34,13.0,10.0,3.0,0,0,1.736842105263158,21.0,1.605263157894737,7.0,0.13157894736842102,14.0,-10.0,-6.0,4.0,0.13157894736842102,14.0,0
2026-05-02,Wolves,Sunderland,1,1,D,20,10,7,2,11,11,6,3,0,4,0,1,2025/26,17.0,34,4.0,4.0,11.0,46.0,34,6.0,6.0,11.0,0,1,1.105263157894737,-15.0,,,,,-2.0,-2.0,0.0,0.0,0.0,0
2026-05-03,Aston Villa,Tottenham,1,2,A,5,10,1,5,12,12,5,5,2,5,0,0,2025/26,58.0,34,7.0,8.0,8.0,34.0,34,5.0,4.0,7.0,0,0,1.736842105263158,7.0,1.0,-1.0,0.736842105263158,8.0,2.0,4.0,1.0,0.736842105263158,8.0,0
2026-05-03,Bournemouth,Crystal Palace,3,0,H,16,7,5,1,10,11,7,1,0,2,0,0,2025/26,49.0,34,9.0,8.0,6.0,43.0,33,8.0,6.0,5.0,0,0,1.4736842105263157,12.0,1.394736842105263,0.0,0.07894736842105265,12.0,1.0,2.0,1.0,0.07894736842105265,12.0,1
2026-05-03,Man United,Liverpool,3,2,H,18,13,6,5,12,11,3,2,2,2,0,0,2025/26,61.0,34,10.0,9.0,6.0,58.0,34,10.0,9.0,5.0,0,0,1.105263157894737,-10.0,2.210526315789474,45.0,-1.105263157894737,-55.0,0.0,0.0,1.0,-1.105263157894737,-55.0,0
2026-05-04,Chelsea,Nott'm Forest,1,3,A,21,6,5,4,12,10,10,1,3,1,0,0,2025/26,48.0,34,0.0,0.0,11.0,39.0,34,11.0,13.0,2.0,0,0,1.8157894736842106,21.0,1.7105263157894737,12.0,0.10526315789473695,9.0,-11.0,-13.0,9.0,0.10526315789473695,9.0,0
2026-05-04,Everton,Man City,3,3,D,14,21,6,4,15,5,5,9,4,1,0,0,2025/26,47.0,34,4.0,7.0,8.0,70.0,33,11.0,9.0,4.0,0,0,1.263157894736842,-2.0,1.868421052631579,28.0,-0.605263157894737,-30.0,-7.0,-2.0,4.0,-0.605263157894737,-30.0,1
2026-05-09,Brighton,Wolves,3,0,H,14,5,6,1,9,11,7,1,1,2,0,0,2025/26,50.0,35,10.0,10.0,6.0,18.0,35,2.0,3.0,11.0,0,0,1.605263157894737,7.0,1.105263157894737,-15.0,0.5,22.0,8.0,7.0,-5.0,0.5,22.0,0
2026-05-09,Fulham,Bournemouth,0,1,A,14,10,2,5,12,21,11,2,4,2,1,1,2025/26,48.0,35,7.0,4.0,6.0,52.0,35,11.0,11.0,6.0,0,0,1.4210526315789473,0.0,1.4736842105263157,12.0,-0.05263157894736836,-12.0,-4.0,-7.0,0.0,-0.05263157894736836,-12.0,0
2026-05-09,Liverpool,Chelsea,1,1,D,8,6,3,3,17,17,5,2,2,4,0,0,2025/26,58.0,35,9.0,10.0,7.0,48.0,35,0.0,1.0,13.0,0,0,2.210526315789474,45.0,1.8157894736842106,21.0,0.3947368421052633,24.0,9.0,9.0,-6.0,0.3947368421052633,24.0,0
2026-05-09,Man City,Brentford,3,0,H,25,4,10,2,8,14,10,2,4,2,0,0,2025/26,71.0,34,11.0,10.0,5.0,51.0,35,6.0,6.0,4.0,0,0,1.868421052631579,28.0,1.4736842105263157,9.0,0.3947368421052633,19.0,5.0,4.0,1.0,0.3947368421052633,19.0,-1
2026-05-09,Sunderland,Man United,0,0,D,15,11,4,1,12,12,7,8,0,3,0,0,2025/26,47.0,35,7.0,7.0,11.0,64.0,35,10.0,9.0,7.0,1,0,,,1.105263157894737,-10.0,,,-3.0,-2.0,4.0,0.0,0.0,0
2026-05-10,Burnley,Aston Villa,2,2,D,15,18,6,7,18,8,2,8,1,1,0,0,2025/26,20.0,35,0.0,3.0,13.0,58.0,35,7.0,8.0,7.0,1,0,,,1.736842105263158,7.0,,,-7.0,-5.0,6.0,0.0,0.0,0
2026-05-10,Crystal Palace,Everton,2,2,D,21,13,8,6,5,13,5,10,0,2,0,0,2025/26,43.0,34,5.0,3.0,7.0,48.0,35,5.0,10.0,9.0,0,0,1.394736842105263,0.0,1.263157894736842,-2.0,0.13157894736842102,2.0,0.0,-7.0,-2.0,0.13157894736842102,2.0,-1
2026-05-10,Nott'm Forest,Newcastle,1,1,D,17,16,6,6,16,11,2,1,2,0,0,0,2025/26,42.0,35,13.0,16.0,3.0,45.0,35,3.0,6.0,8.0,0,0,1.7105263157894737,12.0,1.736842105263158,21.0,-0.026315789473684292,-9.0,10.0,10.0,-5.0,-0.026315789473684292,-9.0,0
2026-05-10,West Ham,Arsenal,0,1,A,9,15,3,4,14,12,4,3,3,4,0,0,2025/26,36.0,35,7.0,6.0,6.0,76.0,35,9.0,8.0,4.0,0,0,1.131578947368421,-16.0,1.9473684210526316,35.0,-0.8157894736842106,-51.0,-2.0,-2.0,2.0,-0.8157894736842106,-51.0,0
2026-05-11,Tottenham,Leeds,1,1,D,16,11,3,4,12,7,14,2,3,1,0,0,2025/26,37.0,35,7.0,5.0,7.0,43.0,35,11.0,10.0,4.0,0,1,1.0,-1.0,,,,,-4.0,-5.0,3.0,0.0,0.0,0
2026-05-13,Man City,Crystal Palace,3,0,H,15,6,4,2,10,7,9,4,0,2,0,0,2025/26,74.0,35,13.0,12.0,4.0,44.0,35,5.0,5.0,9.0,0,0,1.868421052631579,28.0,1.394736842105263,0.0,0.47368421052631593,28.0,8.0,7.0,-5.0,0.47368421052631593,28.0,0
2026-05-15,Aston Villa,Liverpool,4,2,H,14,16,9,5,12,9,4,9,3,1,0,0,2025/26,59.0,36,5.0,8.0,9.0,59.0,36,10.0,10.0,6.0,0,0,1.736842105263158,7.0,2.210526315789474,45.0,-0.47368421052631593,-38.0,-5.0,-2.0,3.0,-0.47368421052631593,-38.0,0
2026-05-17,Brentford,Crystal Palace,2,2,D,14,16,3,5,7,5,9,4,1,3,0,0,2025/26,51.0,36,5.0,6.0,7.0,44.0,36,2.0,3.0,11.0,0,0,1.4736842105263157,9.0,1.394736842105263,0.0,0.07894736842105265,9.0,3.0,3.0,-4.0,0.07894736842105265,9.0,0
2026-05-17,Everton,Sunderland,1,3,A,10,7,4,3,14,9,3,2,3,0,0,0,2025/26,49.0,36,3.0,9.0,11.0,48.0,36,5.0,5.0,10.0,0,1,1.263157894736842,-2.0,,,,,-2.0,4.0,1.0,0.0,0.0,0
2026-05-17,Leeds,Brighton,1,0,H,7,19,1,8,9,7,7,8,1,0,0,0,2025/26,44.0,36,11.0,11.0,5.0,53.0,36,10.0,11.0,5.0,1,0,,,1.605263157894737,7.0,,,1.0,0.0,0.0,0.0,0.0,0
2026-05-17,Man United,Nott'm Forest,3,2,H,29,11,8,4,11,5,7,6,2,1,0,0,2025/26,65.0,36,10.0,7.0,5.0,43.0,36,11.0,14.0,4.0,0,0,1.105263157894737,-10.0,1.7105263157894737,12.0,-0.6052631578947367,-22.0,-1.0,-7.0,1.0,-0.6052631578947367,-22.0,0
2026-05-17,Newcastle,West Ham,3,1,H,15,15,7,8,8,11,9,1,1,3,0,0,2025/26,46.0,36,4.0,6.0,7.0,36.0,36,7.0,6.0,5.0,0,0,1.736842105263158,21.0,1.131578947368421,-16.0,0.605263157894737,37.0,-3.0,0.0,2.0,0.605263157894737,37.0,0
2026-05-17,Wolves,Fulham,1,1,D,11,13,3,5,20,8,3,6,1,0,0,0,2025/26,18.0,36,1.0,1.0,12.0,48.0,36,4.0,1.0,6.0,0,0,1.105263157894737,-15.0,1.4210526315789473,0.0,-0.3157894736842104,-15.0,-3.0,0.0,6.0,-0.3157894736842104,-15.0,0
2026-05-18,Arsenal,Burnley,1,0,H,13,5,3,0,7,16,3,3,1,3,0,0,2025/26,79.0,36,9.0,7.0,4.0,21.0,36,1.0,4.0,12.0,0,1,1.9473684210526316,35.0,,,,,8.0,3.0,-8.0,0.0,0.0,0
2026-05-19,Bournemouth,Man City,1,1,D,10,14,2,5,16,7,7,6,4,2,0,0,2025/26,55.0,36,13.0,10.0,4.0,77.0,36,13.0,12.0,4.0,0,0,1.4736842105263157,12.0,1.868421052631579,28.0,-0.3947368421052633,-16.0,0.0,-2.0,0.0,-0.3947368421052633,-16.0,0
2026-05-19,Chelsea,Tottenham,2,1,H,9,9,4,3,11,18,3,4,4,3,0,0,2025/26,49.0,36,1.0,2.0,11.0,38.0,36,8.0,6.0,5.0,0,0,1.8157894736842106,21.0,1.0,-1.0,0.8157894736842106,22.0,-7.0,-4.0,6.0,0.8157894736842106,22.0,0
2026-05-24,Brighton,Man United,0,3,A,13,11,2,7,11,8,0,3,0,1,0,0,2025/26,53.0,37,7.0,9.0,6.0,68.0,37,13.0,9.0,5.0,0,0,1.605263157894737,7.0,1.105263157894737,-10.0,0.5,17.0,-6.0,0.0,1.0,0.5,17.0,0
2026-05-24,Burnley,Wolves,1,1,D,16,16,8,4,10,11,7,7,2,2,0,0,2025/26,21.0,37,1.0,4.0,11.0,19.0,37,2.0,2.0,9.0,1,0,,,1.105263157894737,-15.0,,,-1.0,2.0,2.0,0.0,0.0,0
2026-05-24,Crystal Palace,Arsenal,1,2,A,8,17,3,7,9,12,3,4,0,1,0,0,2025/26,45.0,37,2.0,5.0,13.0,82.0,37,12.0,7.0,2.0,0,0,1.394736842105263,0.0,1.9473684210526316,35.0,-0.5526315789473686,-35.0,-10.0,-2.0,11.0,-0.5526315789473686,-35.0,0
2026-05-24,Fulham,Newcastle,2,0,H,21,7,6,2,13,6,6,6,2,2,0,0,2025/26,49.0,37,5.0,2.0,5.0,49.0,37,7.0,8.0,6.0,0,0,1.4210526315789473,0.0,1.736842105263158,21.0,-0.3157894736842106,-21.0,-2.0,-6.0,-1.0,-0.3157894736842106,-21.0,0
2026-05-24,Liverpool,Brentford,1,1,D,24,11,8,2,9,9,14,2,2,3,0,0,2025/26,59.0,37,7.0,10.0,10.0,52.0,37,5.0,6.0,7.0,0,0,2.210526315789474,45.0,1.4736842105263157,9.0,0.7368421052631582,36.0,2.0,4.0,3.0,0.7368421052631582,36.0,0
2026-05-24,Man City,Aston Villa,1,2,A,16,12,3,5,8,4,9,4,1,0,0,0,2025/26,78.0,37,11.0,11.0,4.0,62.0,37,7.0,11.0,10.0,0,0,1.868421052631579,28.0,1.736842105263158,7.0,0.13157894736842102,21.0,4.0,0.0,-6.0,0.13157894736842102,21.0,0
2026-05-24,Nott'm Forest,Bournemouth,1,1,D,15,17,5,4,11,7,6,3,1,1,0,0,2025/26,43.0,37,10.0,15.0,6.0,56.0,37,11.0,9.0,4.0,0,0,1.7105263157894737,12.0,1.4736842105263157,12.0,0.23684210526315796,0.0,-1.0,6.0,2.0,0.23684210526315796,0.0,0
2026-05-24,Sunderland,Chelsea,2,1,H,20,10,2,1,15,18,7,7,3,2,0,0,2025/26,51.0,37,5.0,7.0,11.0,52.0,37,4.0,4.0,9.0,1,0,,,1.8157894736842106,21.0,,,1.0,3.0,2.0,0.0,0.0,0
2026-05-24,Tottenham,Everton,1,0,H,21,8,6,3,15,12,6,2,5,3,0,1,2025/26,38.0,37,8.0,7.0,6.0,49.0,37,2.0,8.0,12.0,0,0,1.0,-1.0,1.263157894736842,-2.0,-0.26315789473684204,1.0,6.0,-1.0,-6.0,-0.26315789473684204,1.0,0
2026-05-24,West Ham,Leeds,3,0,H,16,13,9,3,11,14,6,4,0,3,0,0,2025/26,36.0,37,4.0,3.0,8.0,47.0,37,11.0,10.0,4.0,0,1,1.131578947368421,-16.0,,,,,-7.0,-7.0,4.0,0.0,0.0,0
