Date,Team,Opponent,Goals,GoalsConceded,FTR,Result,Points,GoalDifference
15/08/2025,Liverpool,Bournemouth,4,2,H,W,3,2
16/08/2025,Aston Villa,Newcastle,0,0,D,D,1,0
16/08/2025,Brighton,Fulham,1,1,D,D,1,0
16/08/2025,Sunderland,West Ham,3,0,H,W,3,3
16/08/2025,Tottenham,Burnley,3,0,H,W,3,3
16/08/2025,Wolves,Man City,0,4,A,L,0,-4
17/08/2025,Chelsea,Crystal Palace,0,0,D,D,1,0
17/08/2025,Nott'm Forest,Brentford,3,1,H,W,3,2
17/08/2025,Man United,Arsenal,0,1,A,L,0,-1
18/08/2025,Leeds,Everton,1,0,H,W,3,1
22/08/2025,West Ham,Chelsea,1,5,A,L,0,-4
23/08/2025,Man City,Tottenham,0,2,A,L,0,-2
23/08/2025,Bournemouth,Wolves,1,0,H,W,3,1
23/08/2025,Brentford,Aston Villa,1,0,H,W,3,1
23/08/2025,Burnley,Sunderland,2,0,H,W,3,2
23/08/2025,Arsenal,Leeds,5,0,H,W,3,5
24/08/2025,Crystal Palace,Nott'm Forest,1,1,D,D,1,0
24/08/2025,Everton,Brighton,2,0,H,W,3,2
24/08/2025,Fulham,Man United,1,1,D,D,1,0
25/08/2025,Newcastle,Liverpool,2,3,A,L,0,-1
30/08/2025,Chelsea,Fulham,2,0,H,W,3,2
30/08/2025,Man United,Burnley,3,2,H,W,3,1
30/08/2025,Sunderland,Brentford,2,1,H,W,3,1
30/08/2025,Tottenham,Bournemouth,0,1,A,L,0,-1
30/08/2025,Wolves,Everton,2,3,A,L,0,-1
30/08/2025,Leeds,Newcastle,0,0,D,D,1,0
31/08/2025,Brighton,Man City,2,1,H,W,3,1
31/08/2025,Nott'm Forest,West Ham,0,3,A,L,0,-3
31/08/2025,Liverpool,Arsenal,1,0,H,W,3,1
31/08/2025,Aston Villa,Crystal Palace,0,3,A,L,0,-3
13/09/2025,Arsenal,Nott'm Forest,3,0,H,W,3,3
13/09/2025,Bournemouth,Brighton,2,1,H,W,3,1
13/09/2025,Crystal Palace,Sunderland,0,0,D,D,1,0
13/09/2025,Everton,Aston Villa,0,0,D,D,1,0
13/09/2025,Fulham,Leeds,1,0,H,W,3,1
13/09/2025,Newcastle,Wolves,1,0,H,W,3,1
13/09/2025,West Ham,Tottenham,0,3,A,L,0,-3
13/09/2025,Brentford,Chelsea,2,2,D,D,1,0
14/09/2025,Burnley,Liverpool,0,1,A,L,0,-1
14/09/2025,Man City,Man United,3,0,H,W,3,3
20/09/2025,Liverpool,Everton,2,1,H,W,3,1
20/09/2025,Brighton,Tottenham,2,2,D,D,1,0
20/09/2025,Burnley,Nott'm Forest,1,1,D,D,1,0
20/09/2025,West Ham,Crystal Palace,1,2,A,L,0,-1
20/09/2025,Wolves,Leeds,1,3,A,L,0,-2
20/09/2025,Man United,Chelsea,2,1,H,W,3,1
20/09/2025,Fulham,Brentford,3,1,H,W,3,2
21/09/2025,Bournemouth,Newcastle,0,0,D,D,1,0
21/09/2025,Sunderland,Aston Villa,1,1,D,D,1,0
21/09/2025,Arsenal,Man City,1,1,D,D,1,0
27/09/2025,Brentford,Man United,3,1,H,W,3,2
27/09/2025,Chelsea,Brighton,1,3,A,L,0,-2
27/09/2025,Crystal Palace,Liverpool,2,1,H,W,3,1
27/09/2025,Leeds,Bournemouth,2,2,D,D,1,0
27/09/2025,Man City,Burnley,5,1,H,W,3,4
27/09/2025,Nott'm Forest,Sunderland,0,1,A,L,0,-1
27/09/2025,Tottenham,Wolves,1,1,D,D,1,0
28/09/2025,Aston Villa,Fulham,3,1,H,W,3,2
28/09/2025,Newcastle,Arsenal,1,2,A,L,0,-1
29/09/2025,Everton,West Ham,1,1,D,D,1,0
03/10/2025,Bournemouth,Fulham,3,1,H,W,3,2
04/10/2025,Leeds,Tottenham,1,2,A,L,0,-1
04/10/2025,Arsenal,West Ham,2,0,H,W,3,2
04/10/2025,Man United,Sunderland,2,0,H,W,3,2
04/10/2025,Chelsea,Liverpool,2,1,H,W,3,1
05/10/2025,Aston Villa,Burnley,2,1,H,W,3,1
05/10/2025,Everton,Crystal Palace,2,1,H,W,3,1
05/10/2025,Newcastle,Nott'm Forest,2,0,H,W,3,2
05/10/2025,Wolves,Brighton,1,1,D,D,1,0
05/10/2025,Brentford,Man City,0,1,A,L,0,-1
18/10/2025,Nott'm Forest,Chelsea,0,3,A,L,0,-3
18/10/2025,Brighton,Newcastle,2,1,H,W,3,1
18/10/2025,Burnley,Leeds,2,0,H,W,3,2
18/10/2025,Crystal Palace,Bournemouth,3,3,D,D,1,0
18/10/2025,Man City,Everton,2,0,H,W,3,2
18/10/2025,Sunderland,Wolves,2,0,H,W,3,2
18/10/2025,Fulham,Arsenal,0,1,A,L,0,-1
19/10/2025,Tottenham,Aston Villa,1,2,A,L,0,-1
19/10/2025,Liverpool,Man United,1,2,A,L,0,-1
20/10/2025,West Ham,Brentford,0,2,A,L,0,-2
24/10/2025,Leeds,West Ham,2,1,H,W,3,1
25/10/2025,Chelsea,Sunderland,1,2,A,L,0,-1
25/10/2025,Newcastle,Fulham,2,1,H,W,3,1
25/10/2025,Man United,Brighton,4,2,H,W,3,2
25/10/2025,Brentford,Liverpool,3,2,H,W,3,1
26/10/2025,Arsenal,Crystal Palace,1,0,H,W,3,1
26/10/2025,Aston Villa,Man City,1,0,H,W,3,1
26/10/2025,Bournemouth,Nott'm Forest,2,0,H,W,3,2
26/10/2025,Wolves,Burnley,2,3,A,L,0,-1
26/10/2025,Everton,Tottenham,0,3,A,L,0,-3
01/11/2025,Brighton,Leeds,3,0,H,W,3,3
01/11/2025,Burnley,Arsenal,0,2,A,L,0,-2
01/11/2025,Crystal Palace,Brentford,2,0,H,W,3,2
01/11/2025,Fulham,Wolves,3,0,H,W,3,3
01/11/2025,Nott'm Forest,Man United,2,2,D,D,1,0
01/11/2025,Tottenham,Chelsea,0,1,A,L,0,-1
01/11/2025,Liverpool,Aston Villa,2,0,H,W,3,2
02/11/2025,West Ham,Newcastle,3,1,H,W,3,2
02/11/2025,Man City,Bournemouth,3,1,H,W,3,2
03/11/2025,Sunderland,Everton,1,1,D,D,1,0
08/11/2025,Tottenham,Man United,2,2,D,D,1,0
08/11/2025,Everton,Fulham,2,0,H,W,3,2
08/11/2025,West Ham,Burnley,3,2,H,W,3,1
08/11/2025,Sunderland,Arsenal,2,2,D,D,1,0
08/11/2025,Chelsea,Wolves,3,0,H,W,3,3
09/11/2025,Aston Villa,Bournemouth,4,0,H,W,3,4
09/11/2025,Brentford,Newcastle,3,1,H,W,3,2
09/11/2025,Crystal Palace,Brighton,0,0,D,D,1,0
09/11/2025,Nott'm Forest,Leeds,3,1,H,W,3,2
09/11/2025,Man City,Liverpool,3,0,H,W,3,3
22/11/2025,Burnley,Chelsea,0,2,A,L,0,-2
22/11/2025,Bournemouth,West Ham,2,2,D,D,1,0
22/11/2025,Brighton,Brentford,2,1,H,W,3,1
22/11/2025,Fulham,Sunderland,1,0,H,W,3,1
22/11/2025,Liverpool,Nott'm Forest,0,3,A,L,0,-3
22/11/2025,Wolves,Crystal Palace,0,2,A,L,0,-2
22/11/2025,Newcastle,Man City,2,1,H,W,3,1
23/11/2025,Leeds,Aston Villa,1,2,A,L,0,-1
23/11/2025,Arsenal,Tottenham,4,1,H,W,3,3
24/11/2025,Man United,Everton,0,1,A,L,0,-1
29/11/2025,Brentford,Burnley,3,1,H,W,3,2
29/11/2025,Man City,Leeds,3,2,H,W,3,1
29/11/2025,Sunderland,Bournemouth,3,2,H,W,3,1
29/11/2025,Everton,Newcastle,1,4,A,L,0,-3
29/11/2025,Tottenham,Fulham,1,2,A,L,0,-1
30/11/2025,Crystal Palace,Man United,1,2,A,L,0,-1
30/11/2025,Aston Villa,Wolves,1,0,H,W,3,1
30/11/2025,Nott'm Forest,Brighton,0,2,A,L,0,-2
30/11/2025,West Ham,Liverpool,0,2,A,L,0,-2
30/11/2025,Chelsea,Arsenal,1,1,D,D,1,0
02/12/2025,Bournemouth,Everton,0,1,A,L,0,-1
02/12/2025,Fulham,Man City,4,5,A,L,0,-1
02/12/2025,Newcastle,Tottenham,2,2,D,D,1,0
03/12/2025,Arsenal,Brentford,2,0,H,W,3,2
03/12/2025,Brighton,Aston Villa,3,4,A,L,0,-1
03/12/2025,Burnley,Crystal Palace,0,1,A,L,0,-1
03/12/2025,Wolves,Nott'm Forest,0,1,A,L,0,-1
03/12/2025,Leeds,Chelsea,3,1,H,W,3,2
03/12/2025,Liverpool,Sunderland,1,1,D,D,1,0
04/12/2025,Man United,West Ham,1,1,D,D,1,0
06/12/2025,Aston Villa,Arsenal,2,1,H,W,3,1
06/12/2025,Bournemouth,Chelsea,0,0,D,D,1,0
06/12/2025,Everton,Nott'm Forest,3,0,H,W,3,3
06/12/2025,Man City,Sunderland,3,0,H,W,3,3
06/12/2025,Newcastle,Burnley,2,1,H,W,3,1
06/12/2025,Tottenham,Brentford,2,0,H,W,3,2
06/12/2025,Leeds,Liverpool,3,3,D,D,1,0
07/12/2025,Brighton,West Ham,1,1,D,D,1,0
07/12/2025,Fulham,Crystal Palace,1,2,A,L,0,-1
08/12/2025,Wolves,Man United,1,4,A,L,0,-3
13/12/2025,Chelsea,Everton,2,0,H,W,3,2
13/12/2025,Liverpool,Brighton,2,0,H,W,3,2
13/12/2025,Burnley,Fulham,2,3,A,L,0,-1
13/12/2025,Arsenal,Wolves,2,1,H,W,3,1
14/12/2025,Crystal Palace,Man City,0,3,A,L,0,-3
14/12/2025,Nott'm Forest,Tottenham,3,0,H,W,3,3
14/12/2025,Sunderland,Newcastle,1,0,H,W,3,1
14/12/2025,West Ham,Aston Villa,2,3,A,L,0,-1
14/12/2025,Brentford,Leeds,1,1,D,D,1,0
15/12/2025,Man United,Bournemouth,4,4,D,D,1,0
20/12/2025,Newcastle,Chelsea,2,2,D,D,1,0
20/12/2025,Bournemouth,Burnley,1,1,D,D,1,0
20/12/2025,Brighton,Sunderland,0,0,D,D,1,0
20/12/2025,Man City,West Ham,3,0,H,W,3,3
20/12/2025,Wolves,Brentford,0,2,A,L,0,-2
20/12/2025,Tottenham,Liverpool,1,2,A,L,0,-1
20/12/2025,Everton,Arsenal,0,1,A,L,0,-1
20/12/2025,Leeds,Crystal Palace,4,1,H,W,3,3
21/12/2025,Aston Villa,Man United,2,1,H,W,3,1
22/12/2025,Fulham,Nott'm Forest,1,0,H,W,3,1
26/12/2025,Man United,Newcastle,1,0,H,W,3,1
27/12/2025,Nott'm Forest,Man City,1,2,A,L,0,-1
27/12/2025,Arsenal,Brighton,2,1,H,W,3,1
27/12/2025,Brentford,Bournemouth,4,1,H,W,3,3
27/12/2025,Burnley,Everton,0,0,D,D,1,0
27/12/2025,Liverpool,Wolves,2,1,H,W,3,1
27/12/2025,West Ham,Fulham,0,1,A,L,0,-1
27/12/2025,Chelsea,Aston Villa,1,2,A,L,0,-1
28/12/2025,Sunderland,Leeds,1,1,D,D,1,0
28/12/2025,Crystal Palace,Tottenham,0,1,A,L,0,-1
30/12/2025,Burnley,Newcastle,1,3,A,L,0,-2
30/12/2025,Chelsea,Bournemouth,2,2,D,D,1,0
30/12/2025,Nott'm Forest,Everton,0,2,A,L,0,-2
30/12/2025,West Ham,Brighton,2,2,D,D,1,0
30/12/2025,Arsenal,Aston Villa,4,1,H,W,3,3
30/12/2025,Man United,Wolves,1,1,D,D,1,0
01/01/2026,Crystal Palace,Fulham,1,1,D,D,1,0
01/01/2026,Liverpool,Leeds,0,0,D,D,1,0
01/01/2026,Brentford,Tottenham,0,0,D,D,1,0
01/01/2026,Sunderland,Man City,0,0,D,D,1,0
03/01/2026,Aston Villa,Nott'm Forest,3,1,H,W,3,2
03/01/2026,Brighton,Burnley,2,0,H,W,3,2
03/01/2026,Wolves,West Ham,3,0,H,W,3,3
03/01/2026,Bournemouth,Arsenal,2,3,A,L,0,-1
04/01/2026,Leeds,Man United,1,1,D,D,1,0
04/01/2026,Everton,Brentford,2,4,A,L,0,-2
04/01/2026,Newcastle,Crystal Palace,2,0,H,W,3,2
04/01/2026,Tottenham,Sunderland,1,1,D,D,1,0
04/01/2026,Fulham,Liverpool,2,2,D,D,1,0
04/01/2026,Man City,Chelsea,1,1,D,D,1,0
06/01/2026,West Ham,Nott'm Forest,1,2,A,L,0,-1
07/01/2026,Bournemouth,Tottenham,3,2,H,W,3,1
07/01/2026,Brentford,Sunderland,3,0,H,W,3,3
07/01/2026,Crystal Palace,Aston Villa,0,0,D,D,1,0
07/01/2026,Everton,Wolves,1,1,D,D,1,0
07/01/2026,Fulham,Chelsea,2,1,H,W,3,1
07/01/2026,Man City,Brighton,1,1,D,D,1,0
07/01/2026,Burnley,Man United,2,2,D,D,1,0
07/01/2026,Newcastle,Leeds,4,3,H,W,3,1
08/01/2026,Arsenal,Liverpool,0,0,D,D,1,0
17/01/2026,Man United,Man City,2,0,H,W,3,2
17/01/2026,Chelsea,Brentford,2,0,H,W,3,2
17/01/2026,Leeds,Fulham,1,0,H,W,3,1
17/01/2026,Liverpool,Burnley,1,1,D,D,1,0
17/01/2026,Sunderland,Crystal Palace,2,1,H,W,3,1
17/01/2026,Tottenham,West Ham,1,2,A,L,0,-1
17/01/2026,Nott'm Forest,Arsenal,0,0,D,D,1,0
18/01/2026,Wolves,Newcastle,0,0,D,D,1,0
18/01/2026,Aston Villa,Everton,0,1,A,L,0,-1
19/01/2026,Brighton,Bournemouth,1,1,D,D,1,0
24/01/2026,West Ham,Sunderland,3,1,H,W,3,2
24/01/2026,Burnley,Tottenham,2,2,D,D,1,0
24/01/2026,Fulham,Brighton,2,1,H,W,3,1
24/01/2026,Man City,Wolves,2,0,H,W,3,2
24/01/2026,Bournemouth,Liverpool,3,2,H,W,3,1
25/01/2026,Brentford,Nott'm Forest,0,2,A,L,0,-2
25/01/2026,Crystal Palace,Chelsea,1,3,A,L,0,-2
25/01/2026,Newcastle,Aston Villa,0,2,A,L,0,-2
25/01/2026,Arsenal,Man United,2,3,A,L,0,-1
26/01/2026,Everton,Leeds,1,1,D,D,1,0
31/01/2026,Brighton,Everton,1,1,D,D,1,0
31/01/2026,Leeds,Arsenal,0,4,A,L,0,-4
31/01/2026,Wolves,Bournemouth,0,2,A,L,0,-2
31/01/2026,Chelsea,West Ham,3,2,H,W,3,1
31/01/2026,Liverpool,Newcastle,4,1,H,W,3,3
01/02/2026,Aston Villa,Brentford,0,1,A,L,0,-1
01/02/2026,Man United,Fulham,3,2,H,W,3,1
01/02/2026,Nott'm Forest,Crystal Palace,1,1,D,D,1,0
01/02/2026,Tottenham,Man City,2,2,D,D,1,0
02/02/2026,Sunderland,Burnley,3,0,H,W,3,3
06/02/2026,Leeds,Nott'm Forest,3,1,H,W,3,2
07/02/2026,Man United,Tottenham,2,0,H,W,3,2
07/02/2026,Arsenal,Sunderland,3,0,H,W,3,3
07/02/2026,Bournemouth,Aston Villa,1,1,D,D,1,0
07/02/2026,Burnley,West Ham,0,2,A,L,0,-2
07/02/2026,Fulham,Everton,1,2,A,L,0,-1
07/02/2026,Wolves,Chelsea,1,3,A,L,0,-2
07/02/2026,Newcastle,Brentford,2,3,A,L,0,-1
08/02/2026,Brighton,Crystal Palace,0,1,A,L,0,-1
08/02/2026,Liverpool,Man City,1,2,A,L,0,-1
10/02/2026,Chelsea,Leeds,2,2,D,D,1,0
10/02/2026,Everton,Bournemouth,1,2,A,L,0,-1
10/02/2026,Tottenham,Newcastle,1,2,A,L,0,-1
10/02/2026,West Ham,Man United,1,1,D,D,1,0
11/02/2026,Aston Villa,Brighton,1,0,H,W,3,1
11/02/2026,Crystal Palace,Burnley,2,3,A,L,0,-1
11/02/2026,Man City,Fulham,3,0,H,W,3,3
11/02/2026,Nott'm Forest,Wolves,0,0,D,D,1,0
11/02/2026,Sunderland,Liverpool,0,1,A,L,0,-1
12/02/2026,Brentford,Arsenal,1,1,D,D,1,0
18/02/2026,Wolves,Arsenal,2,2,D,D,1,0
21/02/2026,Aston Villa,Leeds,1,1,D,D,1,0
21/02/2026,Brentford,Brighton,0,2,A,L,0,-2
21/02/2026,Chelsea,Burnley,1,1,D,D,1,0
21/02/2026,West Ham,Bournemouth,0,0,D,D,1,0
21/02/2026,Man City,Newcastle,2,1,H,W,3,1
22/02/2026,Crystal Palace,Wolves,1,0,H,W,3,1
22/02/2026,Nott'm Forest,Liverpool,0,1,A,L,0,-1
22/02/2026,Sunderland,Fulham,1,3,A,L,0,-2
22/02/2026,Tottenham,Arsenal,1,4,A,L,0,-3
23/02/2026,Everton,Man United,0,1,A,L,0,-1
27/02/2026,Wolves,Aston Villa,2,0,H,W,3,2
28/02/2026,Bournemouth,Sunderland,1,1,D,D,1,0
28/02/2026,Burnley,Brentford,3,4,A,L,0,-1
28/02/2026,Liverpool,West Ham,5,2,H,W,3,3
28/02/2026,Newcastle,Everton,2,3,A,L,0,-1
28/02/2026,Leeds,Man City,0,1,A,L,0,-1
01/03/2026,Brighton,Nott'm Forest,2,1,H,W,3,1
01/03/2026,Fulham,Tottenham,2,1,H,W,3,1
01/03/2026,Man United,Crystal Palace,2,1,H,W,3,1
01/03/2026,Arsenal,Chelsea,2,1,H,W,3,1
03/03/2026,Bournemouth,Brentford,0,0,D,D,1,0
03/03/2026,Everton,Burnley,2,0,H,W,3,2
03/03/2026,Leeds,Sunderland,0,1,A,L,0,-1
03/03/2026,Wolves,Liverpool,2,1,H,W,3,1
04/03/2026,Aston Villa,Chelsea,1,4,A,L,0,-3
04/03/2026,Brighton,Arsenal,0,1,A,L,0,-1
04/03/2026,Fulham,West Ham,0,1,A,L,0,-1
04/03/2026,Man City,Nott'm Forest,2,2,D,D,1,0
04/03/2026,Newcastle,Man United,2,1,H,W,3,1
05/03/2026,Tottenham,Crystal Palace,1,3,A,L,0,-2
14/03/2026,Burnley,Bournemouth,0,0,D,D,1,0
14/03/2026,Sunderland,Brighton,0,1,A,L,0,-1
14/03/2026,Arsenal,Everton,2,0,H,W,3,2
14/03/2026,Chelsea,Newcastle,0,1,A,L,0,-1
14/03/2026,West Ham,Man City,1,1,D,D,1,0
15/03/2026,Crystal Palace,Leeds,0,0,D,D,1,0
15/03/2026,Man United,Aston Villa,3,1,H,W,3,2
15/03/2026,Nott'm Forest,Fulham,0,0,D,D,1,0
15/03/2026,Liverpool,Tottenham,1,1,D,D,1,0
16/03/2026,Brentford,Wolves,2,2,D,D,1,0
20/03/2026,Bournemouth,Man United,2,2,D,D,1,0
21/03/2026,Brighton,Liverpool,2,1,H,W,3,1
21/03/2026,Fulham,Burnley,3,1,H,W,3,2
21/03/2026,Everton,Chelsea,3,0,H,W,3,3
21/03/2026,Leeds,Brentford,0,0,D,D,1,0
22/03/2026,Newcastle,Sunderland,1,2,A,L,0,-1
22/03/2026,Aston Villa,West Ham,2,0,H,W,3,2
22/03/2026,Tottenham,Nott'm Forest,0,3,A,L,0,-3
10/04/2026,West Ham,Wolves,4,0,H,W,3,4
11/04/2026,Arsenal,Bournemouth,1,2,A,L,0,-1
11/04/2026,Brentford,Everton,2,2,D,D,1,0
11/04/2026,Burnley,Brighton,0,2,A,L,0,-2
11/04/2026,Liverpool,Fulham,2,0,H,W,3,2
12/04/2026,Crystal Palace,Newcastle,2,1,H,W,3,1
12/04/2026,Nott'm Forest,Aston Villa,1,1,D,D,1,0
12/04/2026,Sunderland,Tottenham,1,0,H,W,3,1
12/04/2026,Chelsea,Man City,0,3,A,L,0,-3
13/04/2026,Man United,Leeds,1,2,A,L,0,-1
18/04/2026,Brentford,Fulham,0,0,D,D,1,0
18/04/2026,Leeds,Wolves,3,0,H,W,3,3
18/04/2026,Newcastle,Bournemouth,1,2,A,L,0,-1
18/04/2026,Tottenham,Brighton,2,2,D,D,1,0
18/04/2026,Chelsea,Man United,0,1,A,L,0,-1
19/04/2026,Aston Villa,Sunderland,4,3,H,W,3,1
19/04/2026,Everton,Liverpool,1,2,A,L,0,-1
19/04/2026,Nott'm Forest,Burnley,4,1,H,W,3,3
19/04/2026,Man City,Arsenal,2,1,H,W,3,1
20/04/2026,Crystal Palace,West Ham,0,0,D,D,1,0
21/04/2026,Brighton,Chelsea,3,0,H,W,3,3
22/04/2026,Bournemouth,Leeds,2,2,D,D,1,0
22/04/2026,Burnley,Man City,0,1,A,L,0,-1
24/04/2026,Sunderland,Nott'm Forest,0,5,A,L,0,-5
25/04/2026,Fulham,Aston Villa,1,0,H,W,3,1
25/04/2026,Liverpool,Crystal Palace,3,1,H,W,3,2
25/04/2026,West Ham,Everton,2,1,H,W,3,1
25/04/2026,Wolves,Tottenham,0,1,A,L,0,-1
25/04/2026,Arsenal,Newcastle,1,0,H,W,3,1
27/04/2026,Man United,Brentford,2,1,H,W,3,1
01/05/2026,Leeds,Burnley,3,1,H,W,3,2
02/05/2026,Brentford,West Ham,3,0,H,W,3,3
02/05/2026,Newcastle,Brighton,3,1,H,W,3,2
02/05/2026,Wolves,Sunderland,1,1,D,D,1,0
02/05/2026,Arsenal,Fulham,3,0,H,W,3,3
03/05/2026,Bournemouth,Crystal Palace,3,0,H,W,3,3
03/05/2026,Man United,Liverpool,3,2,H,W,3,1
03/05/2026,Aston Villa,Tottenham,1,2,A,L,0,-1
04/05/2026,Chelsea,Nott'm Forest,1,3,A,L,0,-2
04/05/2026,Everton,Man City,3,3,D,D,1,0
09/05/2026,Liverpool,Chelsea,1,1,D,D,1,0
09/05/2026,Brighton,Wolves,3,0,H,W,3,3
09/05/2026,Fulham,Bournemouth,0,1,A,L,0,-1
09/05/2026,Sunderland,Man United,0,0,D,D,1,0
09/05/2026,Man City,Brentford,3,0,H,W,3,3
10/05/2026,Burnley,Aston Villa,2,2,D,D,1,0
10/05/2026,Crystal Palace,Everton,2,2,D,D,1,0
10/05/2026,Nott'm Forest,Newcastle,1,1,D,D,1,0
10/05/2026,West Ham,Arsenal,0,1,A,L,0,-1
11/05/2026,Tottenham,Leeds,1,1,D,D,1,0
13/05/2026,Man City,Crystal Palace,3,0,H,W,3,3
15/05/2026,Aston Villa,Liverpool,4,2,H,W,3,2
17/05/2026,Man United,Nott'm Forest,3,2,H,W,3,1
17/05/2026,Brentford,Crystal Palace,2,2,D,D,1,0
17/05/2026,Everton,Sunderland,1,3,A,L,0,-2
17/05/2026,Leeds,Brighton,1,0,H,W,3,1
17/05/2026,Wolves,Fulham,1,1,D,D,1,0
17/05/2026,Newcastle,West Ham,3,1,H,W,3,2
18/05/2026,Arsenal,Burnley,1,0,H,W,3,1
19/05/2026,Bournemouth,Man City,1,1,D,D,1,0
19/05/2026,Chelsea,Tottenham,2,1,H,W,3,1
24/05/2026,Brighton,Man United,0,3,A,L,0,-3
24/05/2026,Burnley,Wolves,1,1,D,D,1,0
24/05/2026,Crystal Palace,Arsenal,1,2,A,L,0,-1
24/05/2026,Fulham,Newcastle,2,0,H,W,3,2
24/05/2026,Liverpool,Brentford,1,1,D,D,1,0
24/05/2026,Man City,Aston Villa,1,2,A,L,0,-1
24/05/2026,Nott'm Forest,Bournemouth,1,1,D,D,1,0
24/05/2026,Sunderland,Chelsea,2,1,H,W,3,1
24/05/2026,Tottenham,Everton,1,0,H,W,3,1
24/05/2026,West Ham,Leeds,3,0,H,W,3,3
15/08/2025,Bournemouth,Liverpool,2,4,H,L,0,-2
16/08/2025,Newcastle,Aston Villa,0,0,D,D,1,0
16/08/2025,Fulham,Brighton,1,1,D,D,1,0
16/08/2025,West Ham,Sunderland,0,3,H,L,0,-3
16/08/2025,Burnley,Tottenham,0,3,H,L,0,-3
16/08/2025,Man City,Wolves,4,0,A,W,3,4
17/08/2025,Crystal Palace,Chelsea,0,0,D,D,1,0
17/08/2025,Brentford,Nott'm Forest,1,3,H,L,0,-2
17/08/2025,Arsenal,Man United,1,0,A,W,3,1
18/08/2025,Everton,Leeds,0,1,H,L,0,-1
22/08/2025,Chelsea,West Ham,5,1,A,W,3,4
23/08/2025,Tottenham,Man City,2,0,A,W,3,2
23/08/2025,Wolves,Bournemouth,0,1,H,L,0,-1
23/08/2025,Aston Villa,Brentford,0,1,H,L,0,-1
23/08/2025,Sunderland,Burnley,0,2,H,L,0,-2
23/08/2025,Leeds,Arsenal,0,5,H,L,0,-5
24/08/2025,Nott'm Forest,Crystal Palace,1,1,D,D,1,0
24/08/2025,Brighton,Everton,0,2,H,L,0,-2
24/08/2025,Man United,Fulham,1,1,D,D,1,0
25/08/2025,Liverpool,Newcastle,3,2,A,W,3,1
30/08/2025,Fulham,Chelsea,0,2,H,L,0,-2
30/08/2025,Burnley,Man United,2,3,H,L,0,-1
30/08/2025,Brentford,Sunderland,1,2,H,L,0,-1
30/08/2025,Bournemouth,Tottenham,1,0,A,W,3,1
30/08/2025,Everton,Wolves,3,2,A,W,3,1
30/08/2025,Newcastle,Leeds,0,0,D,D,1,0
31/08/2025,Man City,Brighton,1,2,H,L,0,-1
31/08/2025,West Ham,Nott'm Forest,3,0,A,W,3,3
31/08/2025,Arsenal,Liverpool,0,1,H,L,0,-1
31/08/2025,Crystal Palace,Aston Villa,3,0,A,W,3,3
13/09/2025,Nott'm Forest,Arsenal,0,3,H,L,0,-3
13/09/2025,Brighton,Bournemouth,1,2,H,L,0,-1
13/09/2025,Sunderland,Crystal Palace,0,0,D,D,1,0
13/09/2025,Aston Villa,Everton,0,0,D,D,1,0
13/09/2025,Leeds,Fulham,0,1,H,L,0,-1
13/09/2025,Wolves,Newcastle,0,1,H,L,0,-1
13/09/2025,Tottenham,West Ham,3,0,A,W,3,3
13/09/2025,Chelsea,Brentford,2,2,D,D,1,0
14/09/2025,Liverpool,Burnley,1,0,A,W,3,1
14/09/2025,Man United,Man City,0,3,H,L,0,-3
20/09/2025,Everton,Liverpool,1,2,H,L,0,-1
20/09/2025,Tottenham,Brighton,2,2,D,D,1,0
20/09/2025,Nott'm Forest,Burnley,1,1,D,D,1,0
20/09/2025,Crystal Palace,West Ham,2,1,A,W,3,1
20/09/2025,Leeds,Wolves,3,1,A,W,3,2
20/09/2025,Chelsea,Man United,1,2,H,L,0,-1
20/09/2025,Brentford,Fulham,1,3,H,L,0,-2
21/09/2025,Newcastle,Bournemouth,0,0,D,D,1,0
21/09/2025,Aston Villa,Sunderland,1,1,D,D,1,0
21/09/2025,Man City,Arsenal,1,1,D,D,1,0
27/09/2025,Man United,Brentford,1,3,H,L,0,-2
27/09/2025,Brighton,Chelsea,3,1,A,W,3,2
27/09/2025,Liverpool,Crystal Palace,1,2,H,L,0,-1
27/09/2025,Bournemouth,Leeds,2,2,D,D,1,0
27/09/2025,Burnley,Man City,1,5,H,L,0,-4
27/09/2025,Sunderland,Nott'm Forest,1,0,A,W,3,1
27/09/2025,Wolves,Tottenham,1,1,D,D,1,0
28/09/2025,Fulham,Aston Villa,1,3,H,L,0,-2
28/09/2025,Arsenal,Newcastle,2,1,A,W,3,1
29/09/2025,West Ham,Everton,1,1,D,D,1,0
03/10/2025,Fulham,Bournemouth,1,3,H,L,0,-2
04/10/2025,Tottenham,Leeds,2,1,A,W,3,1
04/10/2025,West Ham,Arsenal,0,2,H,L,0,-2
04/10/2025,Sunderland,Man United,0,2,H,L,0,-2
04/10/2025,Liverpool,Chelsea,1,2,H,L,0,-1
05/10/2025,Burnley,Aston Villa,1,2,H,L,0,-1
05/10/2025,Crystal Palace,Everton,1,2,H,L,0,-1
05/10/2025,Nott'm Forest,Newcastle,0,2,H,L,0,-2
05/10/2025,Brighton,Wolves,1,1,D,D,1,0
05/10/2025,Man City,Brentford,1,0,A,W,3,1
18/10/2025,Chelsea,Nott'm Forest,3,0,A,W,3,3
18/10/2025,Newcastle,Brighton,1,2,H,L,0,-1
18/10/2025,Leeds,Burnley,0,2,H,L,0,-2
18/10/2025,Bournemouth,Crystal Palace,3,3,D,D,1,0
18/10/2025,Everton,Man City,0,2,H,L,0,-2
18/10/2025,Wolves,Sunderland,0,2,H,L,0,-2
18/10/2025,Arsenal,Fulham,1,0,A,W,3,1
19/10/2025,Aston Villa,Tottenham,2,1,A,W,3,1
19/10/2025,Man United,Liverpool,2,1,A,W,3,1
20/10/2025,Brentford,West Ham,2,0,A,W,3,2
24/10/2025,West Ham,Leeds,1,2,H,L,0,-1
25/10/2025,Sunderland,Chelsea,2,1,A,W,3,1
25/10/2025,Fulham,Newcastle,1,2,H,L,0,-1
25/10/2025,Brighton,Man United,2,4,H,L,0,-2
25/10/2025,Liverpool,Brentford,2,3,H,L,0,-1
26/10/2025,Crystal Palace,Arsenal,0,1,H,L,0,-1
26/10/2025,Man City,Aston Villa,0,1,H,L,0,-1
26/10/2025,Nott'm Forest,Bournemouth,0,2,H,L,0,-2
26/10/2025,Burnley,Wolves,3,2,A,W,3,1
26/10/2025,Tottenham,Everton,3,0,A,W,3,3
01/11/2025,Leeds,Brighton,0,3,H,L,0,-3
01/11/2025,Arsenal,Burnley,2,0,A,W,3,2
01/11/2025,Brentford,Crystal Palace,0,2,H,L,0,-2
01/11/2025,Wolves,Fulham,0,3,H,L,0,-3
01/11/2025,Man United,Nott'm Forest,2,2,D,D,1,0
01/11/2025,Chelsea,Tottenham,1,0,A,W,3,1
01/11/2025,Aston Villa,Liverpool,0,2,H,L,0,-2
02/11/2025,Newcastle,West Ham,1,3,H,L,0,-2
02/11/2025,Bournemouth,Man City,1,3,H,L,0,-2
03/11/2025,Everton,Sunderland,1,1,D,D,1,0
08/11/2025,Man United,Tottenham,2,2,D,D,1,0
08/11/2025,Fulham,Everton,0,2,H,L,0,-2
08/11/2025,Burnley,West Ham,2,3,H,L,0,-1
08/11/2025,Arsenal,Sunderland,2,2,D,D,1,0
08/11/2025,Wolves,Chelsea,0,3,H,L,0,-3
09/11/2025,Bournemouth,Aston Villa,0,4,H,L,0,-4
09/11/2025,Newcastle,Brentford,1,3,H,L,0,-2
09/11/2025,Brighton,Crystal Palace,0,0,D,D,1,0
09/11/2025,Leeds,Nott'm Forest,1,3,H,L,0,-2
09/11/2025,Liverpool,Man City,0,3,H,L,0,-3
22/11/2025,Chelsea,Burnley,2,0,A,W,3,2
22/11/2025,West Ham,Bournemouth,2,2,D,D,1,0
22/11/2025,Brentford,Brighton,1,2,H,L,0,-1
22/11/2025,Sunderland,Fulham,0,1,H,L,0,-1
22/11/2025,Nott'm Forest,Liverpool,3,0,A,W,3,3
22/11/2025,Crystal Palace,Wolves,2,0,A,W,3,2
22/11/2025,Man City,Newcastle,1,2,H,L,0,-1
23/11/2025,Aston Villa,Leeds,2,1,A,W,3,1
23/11/2025,Tottenham,Arsenal,1,4,H,L,0,-3
24/11/2025,Everton,Man United,1,0,A,W,3,1
29/11/2025,Burnley,Brentford,1,3,H,L,0,-2
29/11/2025,Leeds,Man City,2,3,H,L,0,-1
29/11/2025,Bournemouth,Sunderland,2,3,H,L,0,-1
29/11/2025,Newcastle,Everton,4,1,A,W,3,3
29/11/2025,Fulham,Tottenham,2,1,A,W,3,1
30/11/2025,Man United,Crystal Palace,2,1,A,W,3,1
30/11/2025,Wolves,Aston Villa,0,1,H,L,0,-1
30/11/2025,Brighton,Nott'm Forest,2,0,A,W,3,2
30/11/2025,Liverpool,West Ham,2,0,A,W,3,2
30/11/2025,Arsenal,Chelsea,1,1,D,D,1,0
02/12/2025,Everton,Bournemouth,1,0,A,W,3,1
02/12/2025,Man City,Fulham,5,4,A,W,3,1
02/12/2025,Tottenham,Newcastle,2,2,D,D,1,0
03/12/2025,Brentford,Arsenal,0,2,H,L,0,-2
03/12/2025,Aston Villa,Brighton,4,3,A,W,3,1
03/12/2025,Crystal Palace,Burnley,1,0,A,W,3,1
03/12/2025,Nott'm Forest,Wolves,1,0,A,W,3,1
03/12/2025,Chelsea,Leeds,1,3,H,L,0,-2
03/12/2025,Sunderland,Liverpool,1,1,D,D,1,0
04/12/2025,West Ham,Man United,1,1,D,D,1,0
06/12/2025,Arsenal,Aston Villa,1,2,H,L,0,-1
06/12/2025,Chelsea,Bournemouth,0,0,D,D,1,0
06/12/2025,Nott'm Forest,Everton,0,3,H,L,0,-3
06/12/2025,Sunderland,Man City,0,3,H,L,0,-3
06/12/2025,Burnley,Newcastle,1,2,H,L,0,-1
06/12/2025,Brentford,Tottenham,0,2,H,L,0,-2
06/12/2025,Liverpool,Leeds,3,3,D,D,1,0
07/12/2025,West Ham,Brighton,1,1,D,D,1,0
07/12/2025,Crystal Palace,Fulham,2,1,A,W,3,1
08/12/2025,Man United,Wolves,4,1,A,W,3,3
13/12/2025,Everton,Chelsea,0,2,H,L,0,-2
13/12/2025,Brighton,Liverpool,0,2,H,L,0,-2
13/12/2025,Fulham,Burnley,3,2,A,W,3,1
13/12/2025,Wolves,Arsenal,1,2,H,L,0,-1
14/12/2025,Man City,Crystal Palace,3,0,A,W,3,3
14/12/2025,Tottenham,Nott'm Forest,0,3,H,L,0,-3
14/12/2025,Newcastle,Sunderland,0,1,H,L,0,-1
14/12/2025,Aston Villa,West Ham,3,2,A,W,3,1
14/12/2025,Leeds,Brentford,1,1,D,D,1,0
15/12/2025,Bournemouth,Man United,4,4,D,D,1,0
20/12/2025,Chelsea,Newcastle,2,2,D,D,1,0
20/12/2025,Burnley,Bournemouth,1,1,D,D,1,0
20/12/2025,Sunderland,Brighton,0,0,D,D,1,0
20/12/2025,West Ham,Man City,0,3,H,L,0,-3
20/12/2025,Brentford,Wolves,2,0,A,W,3,2
20/12/2025,Liverpool,Tottenham,2,1,A,W,3,1
20/12/2025,Arsenal,Everton,1,0,A,W,3,1
20/12/2025,Crystal Palace,Leeds,1,4,H,L,0,-3
21/12/2025,Man United,Aston Villa,1,2,H,L,0,-1
22/12/2025,Nott'm Forest,Fulham,0,1,H,L,0,-1
26/12/2025,Newcastle,Man United,0,1,H,L,0,-1
27/12/2025,Man City,Nott'm Forest,2,1,A,W,3,1
27/12/2025,Brighton,Arsenal,1,2,H,L,0,-1
27/12/2025,Bournemouth,Brentford,1,4,H,L,0,-3
27/12/2025,Everton,Burnley,0,0,D,D,1,0
27/12/2025,Wolves,Liverpool,1,2,H,L,0,-1
27/12/2025,Fulham,West Ham,1,0,A,W,3,1
27/12/2025,Aston Villa,Chelsea,2,1,A,W,3,1
28/12/2025,Leeds,Sunderland,1,1,D,D,1,0
28/12/2025,Tottenham,Crystal Palace,1,0,A,W,3,1
30/12/2025,Newcastle,Burnley,3,1,A,W,3,2
30/12/2025,Bournemouth,Chelsea,2,2,D,D,1,0
30/12/2025,Everton,Nott'm Forest,2,0,A,W,3,2
30/12/2025,Brighton,West Ham,2,2,D,D,1,0
30/12/2025,Aston Villa,Arsenal,1,4,H,L,0,-3
30/12/2025,Wolves,Man United,1,1,D,D,1,0
01/01/2026,Fulham,Crystal Palace,1,1,D,D,1,0
01/01/2026,Leeds,Liverpool,0,0,D,D,1,0
01/01/2026,Tottenham,Brentford,0,0,D,D,1,0
01/01/2026,Man City,Sunderland,0,0,D,D,1,0
03/01/2026,Nott'm Forest,Aston Villa,1,3,H,L,0,-2
03/01/2026,Burnley,Brighton,0,2,H,L,0,-2
03/01/2026,West Ham,Wolves,0,3,H,L,0,-3
03/01/2026,Arsenal,Bournemouth,3,2,A,W,3,1
04/01/2026,Man United,Leeds,1,1,D,D,1,0
04/01/2026,Brentford,Everton,4,2,A,W,3,2
04/01/2026,Crystal Palace,Newcastle,0,2,H,L,0,-2
04/01/2026,Sunderland,Tottenham,1,1,D,D,1,0
04/01/2026,Liverpool,Fulham,2,2,D,D,1,0
04/01/2026,Chelsea,Man City,1,1,D,D,1,0
06/01/2026,Nott'm Forest,West Ham,2,1,A,W,3,1
07/01/2026,Tottenham,Bournemouth,2,3,H,L,0,-1
07/01/2026,Sunderland,Brentford,0,3,H,L,0,-3
07/01/2026,Aston Villa,Crystal Palace,0,0,D,D,1,0
07/01/2026,Wolves,Everton,1,1,D,D,1,0
07/01/2026,Chelsea,Fulham,1,2,H,L,0,-1
07/01/2026,Brighton,Man City,1,1,D,D,1,0
07/01/2026,Man United,Burnley,2,2,D,D,1,0
07/01/2026,Leeds,Newcastle,3,4,H,L,0,-1
08/01/2026,Liverpool,Arsenal,0,0,D,D,1,0
17/01/2026,Man City,Man United,0,2,H,L,0,-2
17/01/2026,Brentford,Chelsea,0,2,H,L,0,-2
17/01/2026,Fulham,Leeds,0,1,H,L,0,-1
17/01/2026,Burnley,Liverpool,1,1,D,D,1,0
17/01/2026,Crystal Palace,Sunderland,1,2,H,L,0,-1
17/01/2026,West Ham,Tottenham,2,1,A,W,3,1
17/01/2026,Arsenal,Nott'm Forest,0,0,D,D,1,0
18/01/2026,Newcastle,Wolves,0,0,D,D,1,0
18/01/2026,Everton,Aston Villa,1,0,A,W,3,1
19/01/2026,Bournemouth,Brighton,1,1,D,D,1,0
24/01/2026,Sunderland,West Ham,1,3,H,L,0,-2
24/01/2026,Tottenham,Burnley,2,2,D,D,1,0
24/01/2026,Brighton,Fulham,1,2,H,L,0,-1
24/01/2026,Wolves,Man City,0,2,H,L,0,-2
24/01/2026,Liverpool,Bournemouth,2,3,H,L,0,-1
25/01/2026,Nott'm Forest,Brentford,2,0,A,W,3,2
25/01/2026,Chelsea,Crystal Palace,3,1,A,W,3,2
25/01/2026,Aston Villa,Newcastle,2,0,A,W,3,2
25/01/2026,Man United,Arsenal,3,2,A,W,3,1
26/01/2026,Leeds,Everton,1,1,D,D,1,0
31/01/2026,Everton,Brighton,1,1,D,D,1,0
31/01/2026,Arsenal,Leeds,4,0,A,W,3,4
31/01/2026,Bournemouth,Wolves,2,0,A,W,3,2
31/01/2026,West Ham,Chelsea,2,3,H,L,0,-1
31/01/2026,Newcastle,Liverpool,1,4,H,L,0,-3
01/02/2026,Brentford,Aston Villa,1,0,A,W,3,1
01/02/2026,Fulham,Man United,2,3,H,L,0,-1
01/02/2026,Crystal Palace,Nott'm Forest,1,1,D,D,1,0
01/02/2026,Man City,Tottenham,2,2,D,D,1,0
02/02/2026,Burnley,Sunderland,0,3,H,L,0,-3
06/02/2026,Nott'm Forest,Leeds,1,3,H,L,0,-2
07/02/2026,Tottenham,Man United,0,2,H,L,0,-2
07/02/2026,Sunderland,Arsenal,0,3,H,L,0,-3
07/02/2026,Aston Villa,Bournemouth,1,1,D,D,1,0
07/02/2026,West Ham,Burnley,2,0,A,W,3,2
07/02/2026,Everton,Fulham,2,1,A,W,3,1
07/02/2026,Chelsea,Wolves,3,1,A,W,3,2
07/02/2026,Brentford,Newcastle,3,2,A,W,3,1
08/02/2026,Crystal Palace,Brighton,1,0,A,W,3,1
08/02/2026,Man City,Liverpool,2,1,A,W,3,1
10/02/2026,Leeds,Chelsea,2,2,D,D,1,0
10/02/2026,Bournemouth,Everton,2,1,A,W,3,1
10/02/2026,Newcastle,Tottenham,2,1,A,W,3,1
10/02/2026,Man United,West Ham,1,1,D,D,1,0
11/02/2026,Brighton,Aston Villa,0,1,H,L,0,-1
11/02/2026,Burnley,Crystal Palace,3,2,A,W,3,1
11/02/2026,Fulham,Man City,0,3,H,L,0,-3
11/02/2026,Wolves,Nott'm Forest,0,0,D,D,1,0
11/02/2026,Liverpool,Sunderland,1,0,A,W,3,1
12/02/2026,Arsenal,Brentford,1,1,D,D,1,0
18/02/2026,Arsenal,Wolves,2,2,D,D,1,0
21/02/2026,Leeds,Aston Villa,1,1,D,D,1,0
21/02/2026,Brighton,Brentford,2,0,A,W,3,2
21/02/2026,Burnley,Chelsea,1,1,D,D,1,0
21/02/2026,Bournemouth,West Ham,0,0,D,D,1,0
21/02/2026,Newcastle,Man City,1,2,H,L,0,-1
22/02/2026,Wolves,Crystal Palace,0,1,H,L,0,-1
22/02/2026,Liverpool,Nott'm Forest,1,0,A,W,3,1
22/02/2026,Fulham,Sunderland,3,1,A,W,3,2
22/02/2026,Arsenal,Tottenham,4,1,A,W,3,3
23/02/2026,Man United,Everton,1,0,A,W,3,1
27/02/2026,Aston Villa,Wolves,0,2,H,L,0,-2
28/02/2026,Sunderland,Bournemouth,1,1,D,D,1,0
28/02/2026,Brentford,Burnley,4,3,A,W,3,1
28/02/2026,West Ham,Liverpool,2,5,H,L,0,-3
28/02/2026,Everton,Newcastle,3,2,A,W,3,1
28/02/2026,Man City,Leeds,1,0,A,W,3,1
01/03/2026,Nott'm Forest,Brighton,1,2,H,L,0,-1
01/03/2026,Tottenham,Fulham,1,2,H,L,0,-1
01/03/2026,Crystal Palace,Man United,1,2,H,L,0,-1
01/03/2026,Chelsea,Arsenal,1,2,H,L,0,-1
03/03/2026,Brentford,Bournemouth,0,0,D,D,1,0
03/03/2026,Burnley,Everton,0,2,H,L,0,-2
03/03/2026,Sunderland,Leeds,1,0,A,W,3,1
03/03/2026,Liverpool,Wolves,1,2,H,L,0,-1
04/03/2026,Chelsea,Aston Villa,4,1,A,W,3,3
04/03/2026,Arsenal,Brighton,1,0,A,W,3,1
04/03/2026,West Ham,Fulham,1,0,A,W,3,1
04/03/2026,Nott'm Forest,Man City,2,2,D,D,1,0
04/03/2026,Man United,Newcastle,1,2,H,L,0,-1
05/03/2026,Crystal Palace,Tottenham,3,1,A,W,3,2
14/03/2026,Bournemouth,Burnley,0,0,D,D,1,0
14/03/2026,Brighton,Sunderland,1,0,A,W,3,1
14/03/2026,Everton,Arsenal,0,2,H,L,0,-2
14/03/2026,Newcastle,Chelsea,1,0,A,W,3,1
14/03/2026,Man City,West Ham,1,1,D,D,1,0
15/03/2026,Leeds,Crystal Palace,0,0,D,D,1,0
15/03/2026,Aston Villa,Man United,1,3,H,L,0,-2
15/03/2026,Fulham,Nott'm Forest,0,0,D,D,1,0
15/03/2026,Tottenham,Liverpool,1,1,D,D,1,0
16/03/2026,Wolves,Brentford,2,2,D,D,1,0
20/03/2026,Man United,Bournemouth,2,2,D,D,1,0
21/03/2026,Liverpool,Brighton,1,2,H,L,0,-1
21/03/2026,Burnley,Fulham,1,3,H,L,0,-2
21/03/2026,Chelsea,Everton,0,3,H,L,0,-3
21/03/2026,Brentford,Leeds,0,0,D,D,1,0
22/03/2026,Sunderland,Newcastle,2,1,A,W,3,1
22/03/2026,West Ham,Aston Villa,0,2,H,L,0,-2
22/03/2026,Nott'm Forest,Tottenham,3,0,A,W,3,3
10/04/2026,Wolves,West Ham,0,4,H,L,0,-4
11/04/2026,Bournemouth,Arsenal,2,1,A,W,3,1
11/04/2026,Everton,Brentford,2,2,D,D,1,0
11/04/2026,Brighton,Burnley,2,0,A,W,3,2
11/04/2026,Fulham,Liverpool,0,2,H,L,0,-2
12/04/2026,Newcastle,Crystal Palace,1,2,H,L,0,-1
12/04/2026,Aston Villa,Nott'm Forest,1,1,D,D,1,0
12/04/2026,Tottenham,Sunderland,0,1,H,L,0,-1
12/04/2026,Man City,Chelsea,3,0,A,W,3,3
13/04/2026,Leeds,Man United,2,1,A,W,3,1
18/04/2026,Fulham,Brentford,0,0,D,D,1,0
18/04/2026,Wolves,Leeds,0,3,H,L,0,-3
18/04/2026,Bournemouth,Newcastle,2,1,A,W,3,1
18/04/2026,Brighton,Tottenham,2,2,D,D,1,0
18/04/2026,Man United,Chelsea,1,0,A,W,3,1
19/04/2026,Sunderland,Aston Villa,3,4,H,L,0,-1
19/04/2026,Liverpool,Everton,2,1,A,W,3,1
19/04/2026,Burnley,Nott'm Forest,1,4,H,L,0,-3
19/04/2026,Arsenal,Man City,1,2,H,L,0,-1
20/04/2026,West Ham,Crystal Palace,0,0,D,D,1,0
21/04/2026,Chelsea,Brighton,0,3,H,L,0,-3
22/04/2026,Leeds,Bournemouth,2,2,D,D,1,0
22/04/2026,Man City,Burnley,1,0,A,W,3,1
24/04/2026,Nott'm Forest,Sunderland,5,0,A,W,3,5
25/04/2026,Aston Villa,Fulham,0,1,H,L,0,-1
25/04/2026,Crystal Palace,Liverpool,1,3,H,L,0,-2
25/04/2026,Everton,West Ham,1,2,H,L,0,-1
25/04/2026,Tottenham,Wolves,1,0,A,W,3,1
25/04/2026,Newcastle,Arsenal,0,1,H,L,0,-1
27/04/2026,Brentford,Man United,1,2,H,L,0,-1
01/05/2026,Burnley,Leeds,1,3,H,L,0,-2
02/05/2026,West Ham,Brentford,0,3,H,L,0,-3
02/05/2026,Brighton,Newcastle,1,3,H,L,0,-2
02/05/2026,Sunderland,Wolves,1,1,D,D,1,0
02/05/2026,Fulham,Arsenal,0,3,H,L,0,-3
03/05/2026,Crystal Palace,Bournemouth,0,3,H,L,0,-3
03/05/2026,Liverpool,Man United,2,3,H,L,0,-1
03/05/2026,Tottenham,Aston Villa,2,1,A,W,3,1
04/05/2026,Nott'm Forest,Chelsea,3,1,A,W,3,2
04/05/2026,Man City,Everton,3,3,D,D,1,0
09/05/2026,Chelsea,Liverpool,1,1,D,D,1,0
09/05/2026,Wolves,Brighton,0,3,H,L,0,-3
09/05/2026,Bournemouth,Fulham,1,0,A,W,3,1
09/05/2026,Man United,Sunderland,0,0,D,D,1,0
09/05/2026,Brentford,Man City,0,3,H,L,0,-3
10/05/2026,Aston Villa,Burnley,2,2,D,D,1,0
10/05/2026,Everton,Crystal Palace,2,2,D,D,1,0
10/05/2026,Newcastle,Nott'm Forest,1,1,D,D,1,0
10/05/2026,Arsenal,West Ham,1,0,A,W,3,1
11/05/2026,Leeds,Tottenham,1,1,D,D,1,0
13/05/2026,Crystal Palace,Man City,0,3,H,L,0,-3
15/05/2026,Liverpool,Aston Villa,2,4,H,L,0,-2
17/05/2026,Nott'm Forest,Man United,2,3,H,L,0,-1
17/05/2026,Crystal Palace,Brentford,2,2,D,D,1,0
17/05/2026,Sunderland,Everton,3,1,A,W,3,2
17/05/2026,Brighton,Leeds,0,1,H,L,0,-1
17/05/2026,Fulham,Wolves,1,1,D,D,1,0
17/05/2026,West Ham,Newcastle,1,3,H,L,0,-2
18/05/2026,Burnley,Arsenal,0,1,H,L,0,-1
19/05/2026,Man City,Bournemouth,1,1,D,D,1,0
19/05/2026,Tottenham,Chelsea,1,2,H,L,0,-1
24/05/2026,Man United,Brighton,3,0,A,W,3,3
24/05/2026,Wolves,Burnley,1,1,D,D,1,0
24/05/2026,Arsenal,Crystal Palace,2,1,A,W,3,1
24/05/2026,Newcastle,Fulham,0,2,H,L,0,-2
24/05/2026,Brentford,Liverpool,1,1,D,D,1,0
24/05/2026,Aston Villa,Man City,2,1,A,W,3,1
24/05/2026,Bournemouth,Nott'm Forest,1,1,D,D,1,0
24/05/2026,Chelsea,Sunderland,1,2,H,L,0,-1
24/05/2026,Everton,Tottenham,0,1,H,L,0,-1
24/05/2026,Leeds,West Ham,0,3,H,L,0,-3
